User_id,id,age,gender,time_spent,platform,interests,location,demographics,profession,income,indebt,isHomeOwner,Owns_Car
1,1,56,male,3,Instagram,Sports,United Kingdom,Urban,Software Engineer,19774,TRUE,FALSE,FALSE
2,2,46,female,2,Facebook,Travel,United Kingdom,Urban,Student,10564,TRUE,TRUE,TRUE
3,3,32,male,8,Instagram,Sports,Australia,Sub_Urban,Marketer Manager,13258,FALSE,FALSE,FALSE
4,4,60,non-binary,5,Instagram,Travel,United Kingdom,Urban,Student,12500,FALSE,TRUE,FALSE
5,5,25,male,1,Instagram,Lifestlye,Australia,Urban,Software Engineer,14566,FALSE,TRUE,TRUE
6,6,38,male,3,Facebook,Travel,United States,Urban,Marketer Manager,19179,TRUE,TRUE,TRUE
7,7,56,male,8,YouTube,Sports,United States,Urban,Student,16881,TRUE,TRUE,TRUE
8,8,36,male,4,Instagram,Sports,Australia,Urban,Marketer Manager,13636,TRUE,FALSE,TRUE
9,9,40,non-binary,7,YouTube,Lifestlye,Australia,Sub_Urban,Marketer Manager,16030,FALSE,FALSE,TRUE
10,10,28,non-binary,2,Instagram,Sports,Australia,Sub_Urban,Marketer Manager,10223,TRUE,FALSE,TRUE
11,11,28,female,7,YouTube,Lifestlye,United Kingdom,Urban,Student,16297,TRUE,TRUE,FALSE
12,12,41,non-binary,5,Facebook,Sports,United States,Sub_Urban,Marketer Manager,10350,FALSE,FALSE,FALSE
13,13,53,non-binary,5,Facebook,Sports,Australia,Rural,Student,17314,FALSE,TRUE,TRUE
14,14,57,female,6,Instagram,Lifestlye,United Kingdom,Urban,Software Engineer,11928,FALSE,TRUE,FALSE
15,15,41,non-binary,9,YouTube,Travel,United States,Rural,Student,17743,TRUE,TRUE,FALSE
16,16,20,male,6,Facebook,Sports,United Kingdom,Sub_Urban,Software Engineer,18540,TRUE,TRUE,FALSE
17,17,39,male,8,Instagram,Travel,United States,Sub_Urban,Student,14732,TRUE,TRUE,FALSE
18,18,19,female,7,Instagram,Sports,United Kingdom,Rural,Marketer Manager,11017,FALSE,TRUE,TRUE
19,19,41,female,9,Facebook,Sports,United States,Sub_Urban,Student,12226,FALSE,FALSE,FALSE
20,20,61,female,4,Facebook,Sports,United States,Urban,Marketer Manager,17206,FALSE,FALSE,FALSE
21,21,47,male,2,Instagram,Sports,United Kingdom,Rural,Software Engineer,17170,FALSE,FALSE,TRUE
22,22,55,non-binary,7,YouTube,Travel,Australia,Urban,Student,16207,TRUE,FALSE,TRUE
23,23,19,male,6,YouTube,Travel,United States,Rural,Marketer Manager,12419,TRUE,TRUE,TRUE
24,24,38,female,1,YouTube,Sports,Australia,Sub_Urban,Software Engineer,16240,TRUE,TRUE,TRUE
25,25,50,non-binary,9,Instagram,Sports,United Kingdom,Rural,Software Engineer,11893,TRUE,FALSE,FALSE
26,26,29,non-binary,9,Facebook,Travel,Australia,Rural,Student,15322,TRUE,FALSE,TRUE
27,27,39,male,2,Instagram,Lifestlye,Australia,Urban,Software Engineer,17718,TRUE,FALSE,FALSE
28,28,61,female,3,Facebook,Lifestlye,Australia,Sub_Urban,Marketer Manager,16878,TRUE,FALSE,FALSE
29,29,42,male,5,YouTube,Travel,Australia,Urban,Software Engineer,11125,TRUE,FALSE,TRUE
30,30,44,non-binary,5,YouTube,Sports,Australia,Sub_Urban,Software Engineer,13117,FALSE,FALSE,TRUE
31,31,59,male,1,Facebook,Sports,United States,Urban,Marketer Manager,14161,FALSE,FALSE,TRUE
32,32,45,male,8,Facebook,Lifestlye,United States,Rural,Software Engineer,14042,TRUE,FALSE,TRUE
33,33,33,female,8,Instagram,Lifestlye,United States,Urban,Software Engineer,14433,FALSE,TRUE,TRUE
34,34,32,female,4,YouTube,Travel,United Kingdom,Sub_Urban,Software Engineer,18638,TRUE,TRUE,TRUE
35,35,64,non-binary,7,Instagram,Lifestlye,Australia,Sub_Urban,Software Engineer,12658,TRUE,TRUE,FALSE
36,36,61,male,3,Instagram,Travel,United States,Rural,Marketer Manager,13483,FALSE,TRUE,FALSE
37,37,20,male,6,Instagram,Lifestlye,United Kingdom,Sub_Urban,Software Engineer,12944,TRUE,FALSE,FALSE
38,38,54,male,9,YouTube,Lifestlye,United States,Urban,Marketer Manager,17210,TRUE,TRUE,FALSE
39,39,24,non-binary,1,Instagram,Lifestlye,United States,Rural,Software Engineer,17653,TRUE,FALSE,TRUE
40,40,38,non-binary,5,Instagram,Sports,Australia,Sub_Urban,Software Engineer,18787,TRUE,TRUE,TRUE
41,41,26,female,4,Instagram,Sports,United Kingdom,Sub_Urban,Software Engineer,11986,TRUE,FALSE,FALSE
42,42,56,female,8,Instagram,Sports,Australia,Urban,Software Engineer,11074,TRUE,FALSE,FALSE
43,43,35,female,1,Instagram,Lifestlye,Australia,Urban,Marketer Manager,14305,TRUE,TRUE,FALSE
44,44,21,male,9,Instagram,Travel,United States,Rural,Marketer Manager,13007,FALSE,TRUE,TRUE
45,45,42,male,6,YouTube,Travel,Australia,Sub_Urban,Marketer Manager,10969,FALSE,FALSE,TRUE
46,46,31,female,4,Instagram,Travel,United Kingdom,Urban,Student,18772,TRUE,FALSE,TRUE
47,47,26,male,9,Facebook,Travel,Australia,Rural,Software Engineer,12824,FALSE,FALSE,FALSE
48,48,43,female,5,Instagram,Sports,Australia,Sub_Urban,Software Engineer,11211,TRUE,TRUE,FALSE
49,49,19,non-binary,5,Instagram,Sports,Australia,Sub_Urban,Marketer Manager,10229,TRUE,TRUE,TRUE
50,50,37,female,5,YouTube,Lifestlye,United States,Rural,Student,14284,TRUE,FALSE,TRUE
51,51,45,non-binary,1,YouTube,Lifestlye,United Kingdom,Rural,Software Engineer,13185,TRUE,TRUE,FALSE
52,52,64,male,1,Facebook,Travel,United States,Urban,Marketer Manager,10501,FALSE,FALSE,FALSE
53,53,24,female,8,Facebook,Sports,United States,Sub_Urban,Software Engineer,10048,FALSE,TRUE,TRUE
54,54,61,male,8,YouTube,Travel,United States,Sub_Urban,Software Engineer,13566,FALSE,TRUE,FALSE
55,55,25,non-binary,6,YouTube,Lifestlye,United States,Sub_Urban,Marketer Manager,13055,FALSE,TRUE,TRUE
56,56,64,non-binary,4,Instagram,Lifestlye,United States,Rural,Marketer Manager,18880,TRUE,TRUE,TRUE
57,57,52,non-binary,2,YouTube,Travel,United Kingdom,Urban,Software Engineer,10386,FALSE,TRUE,FALSE
58,58,31,male,2,Facebook,Lifestlye,Australia,Sub_Urban,Software Engineer,10969,TRUE,FALSE,FALSE
59,59,34,male,9,Instagram,Travel,United States,Rural,Marketer Manager,19197,TRUE,FALSE,FALSE
60,60,53,male,5,Facebook,Sports,United States,Sub_Urban,Software Engineer,15820,FALSE,TRUE,TRUE
61,61,57,male,4,Instagram,Travel,United Kingdom,Urban,Software Engineer,13052,TRUE,FALSE,FALSE
62,62,21,non-binary,1,YouTube,Sports,United Kingdom,Sub_Urban,Marketer Manager,17397,FALSE,FALSE,FALSE
63,63,19,non-binary,7,Facebook,Sports,Australia,Urban,Software Engineer,12302,FALSE,TRUE,TRUE
64,64,23,female,3,Instagram,Lifestlye,United Kingdom,Urban,Software Engineer,12283,FALSE,FALSE,TRUE
65,65,59,female,6,Instagram,Lifestlye,Australia,Sub_Urban,Student,19799,FALSE,TRUE,FALSE
66,66,21,male,5,YouTube,Lifestlye,United States,Sub_Urban,Marketer Manager,14366,FALSE,FALSE,TRUE
67,67,46,non-binary,5,YouTube,Travel,United States,Urban,Student,10122,TRUE,FALSE,TRUE
68,68,35,non-binary,5,YouTube,Travel,Australia,Rural,Student,16799,FALSE,FALSE,TRUE
69,69,43,non-binary,1,Facebook,Lifestlye,United Kingdom,Urban,Student,19472,FALSE,FALSE,FALSE
70,70,61,female,1,Instagram,Travel,Australia,Sub_Urban,Software Engineer,13727,TRUE,FALSE,FALSE
71,71,51,female,3,YouTube,Lifestlye,United Kingdom,Sub_Urban,Software Engineer,18450,FALSE,FALSE,TRUE
72,72,27,non-binary,4,Facebook,Travel,United States,Rural,Student,19139,FALSE,FALSE,TRUE
73,73,53,non-binary,5,Facebook,Sports,United Kingdom,Urban,Student,14958,TRUE,TRUE,TRUE
74,74,31,non-binary,2,Facebook,Sports,Australia,Urban,Student,10524,TRUE,TRUE,FALSE
75,75,48,female,8,YouTube,Lifestlye,Australia,Urban,Software Engineer,19079,FALSE,TRUE,TRUE
76,76,32,non-binary,2,YouTube,Travel,United States,Sub_Urban,Student,18399,TRUE,TRUE,TRUE
77,77,25,non-binary,9,Instagram,Travel,United Kingdom,Urban,Student,10148,FALSE,FALSE,FALSE
78,78,31,male,2,Instagram,Sports,United Kingdom,Rural,Marketer Manager,18001,TRUE,FALSE,TRUE
79,79,40,male,9,YouTube,Sports,United Kingdom,Sub_Urban,Marketer Manager,10437,FALSE,FALSE,FALSE
80,80,57,female,7,Facebook,Lifestlye,United States,Sub_Urban,Software Engineer,13749,FALSE,TRUE,FALSE
81,81,38,non-binary,8,Facebook,Sports,United Kingdom,Urban,Marketer Manager,18186,FALSE,TRUE,FALSE
82,82,33,non-binary,2,Facebook,Lifestlye,Australia,Rural,Marketer Manager,14453,TRUE,TRUE,TRUE
83,83,62,male,7,Instagram,Sports,United Kingdom,Sub_Urban,Marketer Manager,15336,FALSE,FALSE,TRUE
84,84,35,female,6,Facebook,Sports,United States,Sub_Urban,Software Engineer,14551,TRUE,TRUE,FALSE
85,85,64,male,4,Instagram,Travel,United Kingdom,Urban,Marketer Manager,12823,FALSE,FALSE,TRUE
86,86,41,male,7,Instagram,Sports,United Kingdom,Urban,Software Engineer,15728,FALSE,TRUE,FALSE
87,87,43,male,4,Facebook,Sports,Australia,Rural,Student,18677,FALSE,FALSE,TRUE
88,88,42,male,2,Facebook,Lifestlye,United Kingdom,Urban,Marketer Manager,18391,FALSE,TRUE,FALSE
89,89,62,non-binary,7,YouTube,Sports,Australia,Rural,Software Engineer,11982,FALSE,FALSE,FALSE
90,90,58,non-binary,8,YouTube,Lifestlye,Australia,Sub_Urban,Marketer Manager,16996,TRUE,TRUE,TRUE
91,91,46,male,2,Facebook,Sports,United States,Rural,Student,19663,TRUE,TRUE,TRUE
92,92,32,female,5,Instagram,Sports,Australia,Rural,Software Engineer,12311,TRUE,FALSE,TRUE
93,93,62,female,1,Instagram,Lifestlye,Australia,Rural,Software Engineer,17225,FALSE,FALSE,TRUE
94,94,18,female,7,Instagram,Travel,United States,Sub_Urban,Software Engineer,19713,FALSE,TRUE,FALSE
95,95,42,female,8,Instagram,Lifestlye,Australia,Urban,Student,10604,TRUE,FALSE,FALSE
96,96,24,male,6,Instagram,Lifestlye,United States,Sub_Urban,Student,18175,FALSE,TRUE,TRUE
97,97,26,non-binary,5,YouTube,Lifestlye,United Kingdom,Urban,Student,15785,FALSE,FALSE,TRUE
98,98,41,female,6,Facebook,Travel,United States,Rural,Software Engineer,19609,FALSE,TRUE,FALSE
99,99,18,male,2,YouTube,Sports,Australia,Rural,Student,14597,TRUE,FALSE,TRUE
100,100,61,female,1,Instagram,Lifestlye,United States,Rural,Marketer Manager,17759,TRUE,TRUE,TRUE
101,101,25,female,7,Instagram,Lifestlye,Australia,Rural,Student,17532,TRUE,TRUE,TRUE
102,102,41,male,7,Instagram,Travel,United Kingdom,Rural,Software Engineer,18740,TRUE,TRUE,TRUE
103,103,28,non-binary,2,Instagram,Lifestlye,United States,Urban,Marketer Manager,10838,TRUE,FALSE,FALSE
104,104,34,non-binary,2,Facebook,Sports,United Kingdom,Urban,Student,13815,FALSE,TRUE,FALSE
105,105,25,male,1,Instagram,Travel,Australia,Rural,Marketer Manager,10847,FALSE,FALSE,TRUE
106,106,52,non-binary,8,Facebook,Sports,Australia,Sub_Urban,Marketer Manager,14709,FALSE,FALSE,FALSE
107,107,52,male,8,Instagram,Sports,United Kingdom,Sub_Urban,Software Engineer,14507,FALSE,FALSE,TRUE
108,108,50,male,1,Facebook,Travel,United States,Rural,Marketer Manager,16575,TRUE,TRUE,TRUE
109,109,22,male,8,YouTube,Lifestlye,United States,Urban,Marketer Manager,14773,TRUE,FALSE,TRUE
110,110,59,non-binary,9,Instagram,Sports,Australia,Sub_Urban,Software Engineer,14468,FALSE,FALSE,FALSE
111,111,56,male,4,Facebook,Sports,United Kingdom,Sub_Urban,Software Engineer,15192,TRUE,FALSE,FALSE
112,112,58,female,1,YouTube,Sports,United Kingdom,Sub_Urban,Software Engineer,13320,FALSE,TRUE,FALSE
113,113,45,non-binary,1,Instagram,Sports,United States,Rural,Marketer Manager,14698,FALSE,FALSE,FALSE
114,114,24,non-binary,3,Instagram,Travel,United States,Sub_Urban,Marketer Manager,14311,FALSE,FALSE,FALSE
115,115,26,non-binary,5,Instagram,Travel,United States,Sub_Urban,Marketer Manager,13673,FALSE,FALSE,TRUE
116,116,25,non-binary,5,Facebook,Sports,United Kingdom,Sub_Urban,Software Engineer,11564,TRUE,FALSE,TRUE
117,117,29,female,9,Facebook,Lifestlye,United States,Sub_Urban,Student,11840,FALSE,TRUE,FALSE
118,118,51,non-binary,2,YouTube,Sports,United States,Urban,Marketer Manager,16058,TRUE,TRUE,FALSE
119,119,50,non-binary,2,Facebook,Lifestlye,Australia,Rural,Student,17131,FALSE,FALSE,FALSE
120,120,40,male,6,Facebook,Sports,United States,Rural,Software Engineer,10726,FALSE,FALSE,TRUE
121,121,41,non-binary,9,Instagram,Lifestlye,United States,Urban,Marketer Manager,19436,FALSE,FALSE,FALSE
122,122,54,female,1,Instagram,Sports,United Kingdom,Urban,Student,16697,FALSE,FALSE,TRUE
123,123,52,female,9,Instagram,Lifestlye,United Kingdom,Rural,Marketer Manager,19257,TRUE,TRUE,TRUE
124,124,61,female,9,Instagram,Sports,Australia,Sub_Urban,Marketer Manager,10282,FALSE,TRUE,FALSE
125,125,57,female,9,Instagram,Sports,United States,Sub_Urban,Marketer Manager,11081,TRUE,TRUE,TRUE
126,126,39,non-binary,5,Instagram,Lifestlye,Australia,Rural,Student,13885,FALSE,TRUE,TRUE
127,127,44,non-binary,9,Instagram,Travel,United Kingdom,Sub_Urban,Software Engineer,12881,FALSE,FALSE,FALSE
128,128,52,female,4,YouTube,Lifestlye,Australia,Urban,Marketer Manager,12970,FALSE,FALSE,TRUE
129,129,18,female,2,YouTube,Travel,United Kingdom,Sub_Urban,Software Engineer,19344,TRUE,TRUE,FALSE
130,130,52,non-binary,6,YouTube,Sports,Australia,Sub_Urban,Software Engineer,16985,FALSE,TRUE,TRUE
131,131,54,female,4,YouTube,Lifestlye,Australia,Sub_Urban,Student,10947,FALSE,FALSE,FALSE
132,132,64,male,6,Instagram,Lifestlye,United States,Rural,Student,14760,FALSE,FALSE,FALSE
133,133,31,female,3,YouTube,Lifestlye,Australia,Urban,Software Engineer,19909,FALSE,FALSE,TRUE
134,134,20,female,6,Instagram,Travel,United States,Sub_Urban,Marketer Manager,10066,FALSE,FALSE,FALSE
135,135,18,male,2,YouTube,Travel,United States,Rural,Student,18828,TRUE,FALSE,TRUE
136,136,22,male,2,Facebook,Sports,United States,Sub_Urban,Marketer Manager,18505,TRUE,TRUE,TRUE
137,137,43,non-binary,9,YouTube,Travel,United States,Urban,Marketer Manager,10564,FALSE,TRUE,FALSE
138,138,31,non-binary,7,YouTube,Travel,Australia,Sub_Urban,Marketer Manager,19793,FALSE,FALSE,TRUE
139,139,56,male,3,Instagram,Sports,United Kingdom,Urban,Software Engineer,19017,TRUE,FALSE,FALSE
140,140,44,male,1,YouTube,Lifestlye,United Kingdom,Sub_Urban,Marketer Manager,13670,FALSE,TRUE,TRUE
141,141,26,non-binary,8,Facebook,Lifestlye,United Kingdom,Urban,Software Engineer,19217,TRUE,FALSE,TRUE
142,142,32,female,6,Instagram,Sports,Australia,Sub_Urban,Software Engineer,12251,FALSE,TRUE,FALSE
143,143,32,male,7,Instagram,Lifestlye,United States,Urban,Marketer Manager,10804,FALSE,TRUE,TRUE
144,144,43,non-binary,9,YouTube,Travel,United Kingdom,Sub_Urban,Marketer Manager,14631,TRUE,TRUE,TRUE
145,145,59,female,5,Instagram,Sports,Australia,Sub_Urban,Marketer Manager,19583,FALSE,TRUE,TRUE
146,146,30,male,1,Instagram,Sports,United States,Rural,Marketer Manager,11235,TRUE,FALSE,TRUE
147,147,49,female,7,Instagram,Sports,United Kingdom,Rural,Software Engineer,16720,TRUE,FALSE,TRUE
148,148,56,non-binary,5,Instagram,Lifestlye,United States,Urban,Marketer Manager,16906,TRUE,TRUE,TRUE
149,149,49,male,3,Instagram,Sports,United Kingdom,Sub_Urban,Marketer Manager,16016,FALSE,FALSE,TRUE
150,150,21,female,9,Instagram,Sports,United Kingdom,Urban,Software Engineer,13549,TRUE,FALSE,TRUE
151,151,47,male,1,Facebook,Sports,United Kingdom,Rural,Student,17938,TRUE,FALSE,FALSE
152,152,54,female,1,YouTube,Lifestlye,United States,Urban,Student,14141,FALSE,FALSE,TRUE
153,153,40,non-binary,1,Facebook,Travel,Australia,Urban,Software Engineer,16966,FALSE,TRUE,TRUE
154,154,56,non-binary,3,Instagram,Sports,United States,Rural,Student,19546,FALSE,FALSE,FALSE
155,155,62,male,6,Instagram,Travel,United Kingdom,Sub_Urban,Software Engineer,15335,FALSE,TRUE,FALSE
156,156,32,female,3,YouTube,Lifestlye,United States,Urban,Marketer Manager,15077,FALSE,TRUE,FALSE
157,157,60,male,8,Facebook,Lifestlye,Australia,Rural,Marketer Manager,15611,FALSE,FALSE,TRUE
158,158,46,male,2,YouTube,Lifestlye,United States,Sub_Urban,Student,18089,TRUE,TRUE,FALSE
159,159,53,female,9,Facebook,Lifestlye,Australia,Rural,Marketer Manager,12892,FALSE,FALSE,FALSE
160,160,30,female,3,Instagram,Travel,Australia,Urban,Student,15577,TRUE,FALSE,TRUE
161,161,49,female,5,YouTube,Sports,United States,Sub_Urban,Student,13618,FALSE,TRUE,TRUE
162,162,24,non-binary,8,YouTube,Lifestlye,United Kingdom,Sub_Urban,Marketer Manager,11559,TRUE,FALSE,FALSE
163,163,39,male,2,Instagram,Lifestlye,Australia,Rural,Marketer Manager,16683,TRUE,TRUE,FALSE
164,164,45,male,6,YouTube,Travel,United States,Rural,Student,11507,FALSE,TRUE,TRUE
165,165,19,non-binary,5,Facebook,Travel,Australia,Rural,Marketer Manager,12063,FALSE,FALSE,TRUE
166,166,59,female,9,Facebook,Lifestlye,United Kingdom,Sub_Urban,Software Engineer,13642,TRUE,FALSE,TRUE
167,167,62,non-binary,5,Facebook,Sports,United States,Sub_Urban,Marketer Manager,12000,FALSE,FALSE,TRUE
168,168,23,non-binary,2,Facebook,Sports,United States,Urban,Marketer Manager,11294,FALSE,TRUE,TRUE
169,169,45,non-binary,5,Instagram,Lifestlye,United States,Sub_Urban,Software Engineer,14065,TRUE,FALSE,FALSE
170,170,45,male,4,YouTube,Travel,United Kingdom,Urban,Marketer Manager,18014,TRUE,TRUE,TRUE
171,171,61,non-binary,7,Facebook,Lifestlye,Australia,Rural,Marketer Manager,19945,TRUE,TRUE,TRUE
172,172,61,male,6,Instagram,Lifestlye,United States,Rural,Student,11603,FALSE,FALSE,TRUE
173,173,37,male,2,YouTube,Travel,Australia,Sub_Urban,Marketer Manager,11322,FALSE,FALSE,TRUE
174,174,47,male,5,YouTube,Lifestlye,Australia,Rural,Marketer Manager,15956,FALSE,FALSE,TRUE
175,175,28,female,7,Instagram,Lifestlye,United Kingdom,Rural,Software Engineer,12441,FALSE,TRUE,FALSE
176,176,45,male,7,Instagram,Lifestlye,United States,Sub_Urban,Student,11098,TRUE,FALSE,TRUE
177,177,42,male,5,Facebook,Travel,Australia,Urban,Student,15073,FALSE,TRUE,FALSE
178,178,56,female,9,YouTube,Sports,United States,Sub_Urban,Student,19697,TRUE,FALSE,TRUE
179,179,50,male,4,YouTube,Sports,United States,Urban,Marketer Manager,19318,FALSE,FALSE,FALSE
180,180,18,non-binary,3,Instagram,Travel,United Kingdom,Sub_Urban,Student,18488,FALSE,TRUE,FALSE
181,181,44,non-binary,4,YouTube,Sports,United States,Sub_Urban,Software Engineer,13787,TRUE,TRUE,TRUE
182,182,30,male,5,Facebook,Lifestlye,United States,Rural,Student,12096,FALSE,FALSE,TRUE
183,183,58,female,6,YouTube,Sports,Australia,Sub_Urban,Software Engineer,12208,FALSE,FALSE,TRUE
184,184,20,non-binary,3,Instagram,Lifestlye,United Kingdom,Sub_Urban,Student,15988,TRUE,FALSE,TRUE
185,185,56,female,2,Instagram,Sports,United States,Urban,Student,10175,FALSE,FALSE,TRUE
186,186,23,female,4,Facebook,Travel,Australia,Rural,Software Engineer,17169,TRUE,FALSE,FALSE
187,187,25,non-binary,5,Facebook,Sports,United Kingdom,Urban,Student,16014,TRUE,TRUE,TRUE
188,188,44,female,4,YouTube,Sports,United Kingdom,Urban,Student,11667,TRUE,TRUE,TRUE
189,189,26,non-binary,3,YouTube,Sports,Australia,Rural,Student,18867,TRUE,TRUE,FALSE
190,190,54,female,8,Instagram,Travel,Australia,Rural,Marketer Manager,11823,FALSE,TRUE,TRUE
191,191,50,non-binary,4,Facebook,Sports,Australia,Rural,Software Engineer,15147,FALSE,FALSE,FALSE
192,192,59,male,2,Facebook,Travel,Australia,Sub_Urban,Student,11356,FALSE,TRUE,TRUE
193,193,61,non-binary,2,Facebook,Lifestlye,Australia,Rural,Software Engineer,13072,TRUE,TRUE,FALSE
194,194,41,non-binary,1,YouTube,Sports,United States,Rural,Software Engineer,13259,FALSE,TRUE,TRUE
195,195,32,non-binary,4,Facebook,Travel,United States,Rural,Software Engineer,16199,FALSE,FALSE,FALSE
196,196,49,non-binary,9,Instagram,Travel,United Kingdom,Urban,Student,10546,FALSE,TRUE,FALSE
197,197,49,female,7,Instagram,Sports,United States,Urban,Student,15231,FALSE,FALSE,TRUE
198,198,41,male,7,YouTube,Lifestlye,United States,Sub_Urban,Software Engineer,17965,TRUE,TRUE,TRUE
199,199,58,non-binary,7,YouTube,Travel,United States,Urban,Marketer Manager,12083,TRUE,FALSE,TRUE
200,200,29,female,8,Facebook,Sports,Australia,Sub_Urban,Software Engineer,12040,FALSE,TRUE,FALSE
201,201,56,male,1,YouTube,Lifestlye,United Kingdom,Urban,Marketer Manager,14534,TRUE,FALSE,FALSE
202,202,19,male,8,Instagram,Travel,United Kingdom,Rural,Software Engineer,11752,FALSE,TRUE,FALSE
203,203,20,male,4,Facebook,Travel,United Kingdom,Urban,Software Engineer,19807,FALSE,FALSE,TRUE
204,204,54,male,4,Instagram,Lifestlye,United Kingdom,Sub_Urban,Software Engineer,11849,FALSE,FALSE,TRUE
205,205,34,non-binary,4,Facebook,Lifestlye,United States,Urban,Student,12642,TRUE,TRUE,FALSE
206,206,19,non-binary,6,YouTube,Sports,United States,Rural,Marketer Manager,11600,FALSE,FALSE,TRUE
207,207,19,female,7,Facebook,Sports,Australia,Sub_Urban,Marketer Manager,14402,TRUE,FALSE,FALSE
208,208,45,female,6,Facebook,Travel,United Kingdom,Rural,Software Engineer,13799,TRUE,TRUE,TRUE
209,209,40,female,1,Instagram,Lifestlye,United States,Rural,Student,10618,FALSE,TRUE,TRUE
210,210,54,male,8,Instagram,Lifestlye,United States,Sub_Urban,Student,11132,TRUE,FALSE,FALSE
211,211,49,male,7,Facebook,Lifestlye,Australia,Rural,Marketer Manager,15491,TRUE,TRUE,TRUE
212,212,50,non-binary,6,YouTube,Travel,Australia,Rural,Student,15795,FALSE,TRUE,TRUE
213,213,18,male,6,YouTube,Lifestlye,Australia,Urban,Marketer Manager,17633,TRUE,TRUE,TRUE
214,214,36,male,5,Instagram,Lifestlye,United States,Rural,Marketer Manager,11487,TRUE,FALSE,TRUE
215,215,19,male,6,YouTube,Travel,United States,Rural,Marketer Manager,17848,FALSE,FALSE,TRUE
216,216,61,female,9,Instagram,Sports,Australia,Rural,Student,15009,FALSE,FALSE,FALSE
217,217,43,female,9,YouTube,Sports,United Kingdom,Rural,Marketer Manager,19749,TRUE,FALSE,TRUE
218,218,49,non-binary,8,Facebook,Travel,Australia,Sub_Urban,Marketer Manager,12113,FALSE,FALSE,FALSE
219,219,23,male,9,Instagram,Lifestlye,Australia,Urban,Software Engineer,11044,FALSE,FALSE,TRUE
220,220,49,male,8,Instagram,Travel,Australia,Rural,Marketer Manager,12431,TRUE,FALSE,TRUE
221,221,21,non-binary,8,Facebook,Sports,Australia,Rural,Marketer Manager,17979,TRUE,TRUE,FALSE
222,222,28,male,1,Instagram,Sports,United States,Sub_Urban,Software Engineer,11582,FALSE,FALSE,FALSE
223,223,34,male,5,YouTube,Travel,United Kingdom,Rural,Software Engineer,11308,TRUE,FALSE,TRUE
224,224,55,female,4,YouTube,Travel,Australia,Sub_Urban,Student,14917,FALSE,TRUE,TRUE
225,225,41,non-binary,2,Instagram,Sports,United Kingdom,Urban,Marketer Manager,18793,FALSE,TRUE,FALSE
226,226,22,non-binary,8,YouTube,Travel,United Kingdom,Urban,Student,11620,TRUE,TRUE,FALSE
227,227,51,non-binary,3,Instagram,Sports,United Kingdom,Rural,Student,17503,TRUE,FALSE,FALSE
228,228,23,non-binary,4,Facebook,Travel,Australia,Rural,Software Engineer,14766,FALSE,TRUE,FALSE
229,229,39,female,7,Instagram,Travel,United States,Rural,Student,15362,FALSE,FALSE,TRUE
230,230,28,female,9,Facebook,Travel,Australia,Sub_Urban,Marketer Manager,15192,FALSE,FALSE,TRUE
231,231,33,male,2,YouTube,Sports,United Kingdom,Rural,Software Engineer,16622,FALSE,FALSE,TRUE
232,232,50,male,3,Facebook,Travel,United Kingdom,Rural,Marketer Manager,16093,TRUE,TRUE,TRUE
233,233,26,male,4,YouTube,Sports,United States,Urban,Marketer Manager,16704,FALSE,TRUE,TRUE
234,234,23,male,1,Instagram,Sports,Australia,Rural,Software Engineer,10100,TRUE,FALSE,FALSE
235,235,33,female,7,YouTube,Travel,United Kingdom,Urban,Marketer Manager,16657,TRUE,FALSE,FALSE
236,236,46,non-binary,2,Instagram,Travel,United States,Rural,Software Engineer,15875,FALSE,FALSE,FALSE
237,237,20,female,5,Instagram,Sports,United Kingdom,Urban,Marketer Manager,14271,TRUE,TRUE,TRUE
238,238,37,male,1,Facebook,Sports,United States,Rural,Software Engineer,10237,TRUE,FALSE,FALSE
239,239,53,female,3,Facebook,Lifestlye,United States,Urban,Student,17226,FALSE,TRUE,TRUE
240,240,36,non-binary,2,Facebook,Sports,Australia,Sub_Urban,Marketer Manager,18032,TRUE,FALSE,TRUE
241,241,43,non-binary,1,Facebook,Lifestlye,United Kingdom,Urban,Software Engineer,15218,TRUE,TRUE,TRUE
242,242,20,female,7,YouTube,Lifestlye,Australia,Urban,Marketer Manager,14025,FALSE,FALSE,FALSE
243,243,36,female,5,YouTube,Lifestlye,United Kingdom,Urban,Marketer Manager,16073,FALSE,TRUE,TRUE
244,244,37,female,1,YouTube,Travel,Australia,Rural,Marketer Manager,12542,FALSE,TRUE,TRUE
245,245,49,male,6,Instagram,Travel,United Kingdom,Rural,Software Engineer,11537,FALSE,TRUE,FALSE
246,246,24,female,5,YouTube,Sports,Australia,Rural,Student,10754,FALSE,TRUE,TRUE
247,247,58,female,3,YouTube,Lifestlye,United States,Sub_Urban,Student,17396,FALSE,TRUE,FALSE
248,248,50,female,7,YouTube,Travel,United Kingdom,Sub_Urban,Student,17823,FALSE,TRUE,TRUE
249,249,57,non-binary,9,Facebook,Travel,United Kingdom,Urban,Software Engineer,15507,TRUE,FALSE,FALSE
250,250,56,non-binary,9,YouTube,Travel,United States,Sub_Urban,Student,14235,TRUE,FALSE,TRUE
251,251,35,male,9,Instagram,Travel,Australia,Urban,Software Engineer,10540,FALSE,FALSE,TRUE
252,252,57,male,2,Facebook,Travel,United Kingdom,Urban,Marketer Manager,15510,TRUE,FALSE,FALSE
253,253,18,non-binary,3,Instagram,Lifestlye,United Kingdom,Urban,Marketer Manager,18461,TRUE,TRUE,TRUE
254,254,28,non-binary,7,YouTube,Lifestlye,Australia,Sub_Urban,Student,17926,FALSE,FALSE,FALSE
255,255,45,non-binary,5,Facebook,Lifestlye,United States,Rural,Software Engineer,15131,TRUE,TRUE,TRUE
256,256,42,female,2,Instagram,Lifestlye,Australia,Sub_Urban,Marketer Manager,18697,FALSE,TRUE,FALSE
257,257,40,female,3,YouTube,Sports,Australia,Urban,Software Engineer,11129,TRUE,TRUE,TRUE
258,258,48,non-binary,6,Instagram,Lifestlye,Australia,Urban,Software Engineer,13145,FALSE,FALSE,TRUE
259,259,47,female,7,Instagram,Travel,United Kingdom,Sub_Urban,Marketer Manager,18553,TRUE,TRUE,TRUE
260,260,59,female,9,Instagram,Lifestlye,United States,Urban,Software Engineer,13720,TRUE,FALSE,FALSE
261,261,52,male,1,YouTube,Sports,United States,Urban,Marketer Manager,19648,TRUE,FALSE,FALSE
262,262,24,non-binary,7,YouTube,Travel,Australia,Sub_Urban,Marketer Manager,14067,FALSE,FALSE,FALSE
263,263,33,non-binary,8,Instagram,Lifestlye,United Kingdom,Sub_Urban,Marketer Manager,14195,TRUE,FALSE,FALSE
264,264,43,female,3,Facebook,Lifestlye,Australia,Sub_Urban,Software Engineer,19873,TRUE,FALSE,FALSE
265,265,19,non-binary,4,Facebook,Lifestlye,United Kingdom,Urban,Marketer Manager,19244,FALSE,TRUE,TRUE
266,266,18,male,6,YouTube,Travel,United Kingdom,Urban,Software Engineer,17281,FALSE,TRUE,TRUE
267,267,29,male,7,YouTube,Travel,United Kingdom,Rural,Marketer Manager,12509,TRUE,FALSE,TRUE
268,268,22,male,4,YouTube,Sports,United Kingdom,Rural,Marketer Manager,15016,TRUE,TRUE,TRUE
269,269,54,non-binary,8,YouTube,Travel,United States,Sub_Urban,Student,16533,TRUE,FALSE,TRUE
270,270,49,non-binary,5,YouTube,Travel,United Kingdom,Rural,Student,14727,TRUE,TRUE,FALSE
271,271,26,non-binary,1,Facebook,Lifestlye,United Kingdom,Urban,Student,10681,FALSE,TRUE,TRUE
272,272,58,non-binary,4,YouTube,Travel,Australia,Rural,Software Engineer,13932,TRUE,TRUE,FALSE
273,273,52,non-binary,3,Instagram,Lifestlye,Australia,Urban,Software Engineer,15560,TRUE,TRUE,TRUE
274,274,36,male,9,Instagram,Lifestlye,United States,Sub_Urban,Marketer Manager,14016,FALSE,TRUE,FALSE
275,275,33,female,8,Facebook,Travel,Australia,Sub_Urban,Marketer Manager,17339,TRUE,TRUE,FALSE
276,276,20,male,1,Instagram,Sports,United Kingdom,Urban,Marketer Manager,10719,TRUE,TRUE,FALSE
277,277,37,non-binary,6,Facebook,Sports,Australia,Rural,Marketer Manager,10074,TRUE,TRUE,TRUE
278,278,41,male,9,Facebook,Travel,United States,Sub_Urban,Software Engineer,19485,FALSE,TRUE,TRUE
279,279,50,non-binary,7,Instagram,Sports,Australia,Sub_Urban,Marketer Manager,14157,FALSE,TRUE,TRUE
280,280,41,non-binary,4,YouTube,Lifestlye,Australia,Rural,Marketer Manager,18511,TRUE,TRUE,TRUE
281,281,28,male,1,Instagram,Lifestlye,United States,Rural,Student,12149,TRUE,TRUE,FALSE
282,282,25,non-binary,2,Instagram,Travel,United States,Urban,Marketer Manager,19644,FALSE,TRUE,FALSE
283,283,53,female,5,Facebook,Sports,United Kingdom,Rural,Marketer Manager,19747,TRUE,FALSE,FALSE
284,284,55,non-binary,5,Instagram,Sports,Australia,Rural,Marketer Manager,16713,TRUE,TRUE,FALSE
285,285,57,female,8,Facebook,Lifestlye,United Kingdom,Rural,Software Engineer,14207,FALSE,TRUE,TRUE
286,286,37,female,6,YouTube,Travel,Australia,Urban,Student,17141,FALSE,TRUE,FALSE
287,287,52,non-binary,8,YouTube,Sports,Australia,Urban,Marketer Manager,18652,FALSE,TRUE,TRUE
288,288,42,male,2,YouTube,Travel,United Kingdom,Sub_Urban,Marketer Manager,19078,TRUE,TRUE,FALSE
289,289,52,female,3,Instagram,Sports,Australia,Urban,Student,13936,TRUE,TRUE,FALSE
290,290,42,male,6,Facebook,Lifestlye,Australia,Sub_Urban,Marketer Manager,19307,TRUE,FALSE,FALSE
291,291,46,female,3,YouTube,Lifestlye,Australia,Rural,Software Engineer,11075,TRUE,FALSE,TRUE
292,292,35,non-binary,6,Facebook,Travel,United States,Sub_Urban,Marketer Manager,13876,FALSE,FALSE,TRUE
293,293,63,non-binary,6,Facebook,Lifestlye,United Kingdom,Sub_Urban,Software Engineer,14615,TRUE,TRUE,FALSE
294,294,35,female,2,YouTube,Sports,United States,Rural,Software Engineer,17265,TRUE,TRUE,FALSE
295,295,19,non-binary,7,YouTube,Lifestlye,United Kingdom,Sub_Urban,Marketer Manager,16379,FALSE,TRUE,FALSE
296,296,52,female,2,Facebook,Travel,United Kingdom,Urban,Student,19118,FALSE,FALSE,TRUE
297,297,33,non-binary,6,YouTube,Travel,Australia,Urban,Software Engineer,14652,TRUE,TRUE,TRUE
298,298,58,male,1,Facebook,Travel,United Kingdom,Urban,Student,16792,FALSE,TRUE,TRUE
299,299,53,non-binary,3,Facebook,Sports,United States,Urban,Marketer Manager,19247,FALSE,FALSE,FALSE
300,300,50,male,2,YouTube,Sports,United States,Sub_Urban,Software Engineer,17456,TRUE,FALSE,TRUE
301,301,21,non-binary,7,Instagram,Sports,United States,Sub_Urban,Marketer Manager,14674,TRUE,TRUE,FALSE
302,302,50,male,4,YouTube,Sports,United Kingdom,Rural,Student,10541,TRUE,TRUE,TRUE
303,303,31,non-binary,8,Instagram,Sports,United States,Sub_Urban,Marketer Manager,12161,TRUE,TRUE,FALSE
304,304,38,male,6,Facebook,Lifestlye,United Kingdom,Sub_Urban,Marketer Manager,12251,FALSE,TRUE,FALSE
305,305,37,female,4,Facebook,Sports,United States,Sub_Urban,Software Engineer,19244,FALSE,FALSE,TRUE
306,306,25,female,5,Instagram,Sports,United States,Rural,Marketer Manager,14569,TRUE,TRUE,FALSE
307,307,24,male,9,Facebook,Lifestlye,United Kingdom,Urban,Marketer Manager,12744,TRUE,TRUE,FALSE
308,308,20,non-binary,7,Instagram,Sports,United States,Sub_Urban,Marketer Manager,16041,FALSE,FALSE,FALSE
309,309,34,male,9,Instagram,Travel,Australia,Rural,Software Engineer,14675,TRUE,TRUE,TRUE
310,310,50,non-binary,7,Facebook,Sports,United Kingdom,Rural,Student,11560,TRUE,TRUE,FALSE
311,311,29,female,1,Instagram,Sports,United Kingdom,Rural,Student,11164,TRUE,FALSE,TRUE
312,312,39,non-binary,8,YouTube,Travel,United Kingdom,Urban,Marketer Manager,15419,TRUE,FALSE,TRUE
313,313,39,female,4,YouTube,Travel,Australia,Sub_Urban,Software Engineer,12722,FALSE,TRUE,FALSE
314,314,63,non-binary,3,Facebook,Travel,United Kingdom,Rural,Marketer Manager,10470,TRUE,FALSE,TRUE
315,315,47,non-binary,7,Facebook,Travel,United States,Urban,Student,19608,FALSE,FALSE,FALSE
316,316,55,non-binary,3,Instagram,Sports,United States,Rural,Software Engineer,11468,TRUE,TRUE,TRUE
317,317,55,male,8,Instagram,Travel,United States,Rural,Student,17925,TRUE,FALSE,FALSE
318,318,62,male,6,Instagram,Travel,United Kingdom,Rural,Student,10808,FALSE,TRUE,TRUE
319,319,25,female,5,Instagram,Lifestlye,United States,Rural,Software Engineer,18363,TRUE,TRUE,FALSE
320,320,44,female,4,YouTube,Travel,United Kingdom,Rural,Software Engineer,16719,FALSE,TRUE,FALSE
321,321,44,male,8,YouTube,Travel,United States,Urban,Marketer Manager,15073,TRUE,TRUE,FALSE
322,322,51,female,8,Facebook,Lifestlye,Australia,Sub_Urban,Marketer Manager,18012,TRUE,FALSE,FALSE
323,323,38,male,1,Instagram,Lifestlye,Australia,Sub_Urban,Student,11645,TRUE,TRUE,TRUE
324,324,47,non-binary,9,Instagram,Sports,Australia,Sub_Urban,Software Engineer,18249,TRUE,TRUE,TRUE
325,325,50,female,5,Facebook,Lifestlye,Australia,Sub_Urban,Software Engineer,11129,TRUE,TRUE,FALSE
326,326,45,female,4,Instagram,Sports,United Kingdom,Urban,Marketer Manager,11353,FALSE,TRUE,TRUE
327,327,64,male,6,Instagram,Lifestlye,United States,Urban,Student,10767,FALSE,FALSE,FALSE
328,328,50,female,6,Instagram,Lifestlye,Australia,Urban,Student,13895,TRUE,FALSE,FALSE
329,329,22,female,2,Instagram,Sports,United Kingdom,Rural,Marketer Manager,18874,TRUE,FALSE,TRUE
330,330,36,non-binary,8,Instagram,Lifestlye,Australia,Rural,Software Engineer,13454,FALSE,TRUE,TRUE
331,331,21,female,7,Facebook,Sports,Australia,Rural,Marketer Manager,17329,FALSE,FALSE,FALSE
332,332,52,non-binary,1,Instagram,Lifestlye,United Kingdom,Sub_Urban,Marketer Manager,11790,TRUE,FALSE,TRUE
333,333,34,male,5,Facebook,Travel,United Kingdom,Rural,Marketer Manager,19669,TRUE,TRUE,FALSE
334,334,61,female,6,Instagram,Lifestlye,United States,Sub_Urban,Marketer Manager,10885,FALSE,FALSE,TRUE
335,335,45,non-binary,4,YouTube,Sports,United States,Rural,Software Engineer,17734,TRUE,TRUE,TRUE
336,336,47,male,2,YouTube,Lifestlye,Australia,Sub_Urban,Marketer Manager,13906,FALSE,FALSE,TRUE
337,337,46,female,4,YouTube,Sports,Australia,Rural,Software Engineer,14492,TRUE,FALSE,TRUE
338,338,63,male,1,YouTube,Sports,United States,Rural,Marketer Manager,19730,FALSE,FALSE,TRUE
339,339,23,female,7,Facebook,Travel,United States,Urban,Student,12073,FALSE,FALSE,FALSE
340,340,52,male,2,Facebook,Travel,United Kingdom,Rural,Software Engineer,10312,TRUE,TRUE,TRUE
341,341,58,male,2,Instagram,Sports,United States,Rural,Student,16269,FALSE,TRUE,TRUE
342,342,54,non-binary,9,YouTube,Lifestlye,United States,Urban,Marketer Manager,15317,TRUE,FALSE,FALSE
343,343,41,male,5,Facebook,Sports,Australia,Sub_Urban,Marketer Manager,10810,TRUE,TRUE,FALSE
344,344,46,female,2,Instagram,Sports,United States,Urban,Marketer Manager,16841,TRUE,FALSE,FALSE
345,345,63,female,9,Instagram,Lifestlye,Australia,Urban,Software Engineer,12032,TRUE,FALSE,TRUE
346,346,48,non-binary,9,Facebook,Lifestlye,United States,Sub_Urban,Student,19699,FALSE,FALSE,TRUE
347,347,52,female,1,YouTube,Lifestlye,United Kingdom,Rural,Software Engineer,17129,TRUE,FALSE,FALSE
348,348,50,female,3,Instagram,Lifestlye,United States,Sub_Urban,Software Engineer,12705,TRUE,FALSE,FALSE
349,349,38,female,4,YouTube,Sports,United States,Rural,Marketer Manager,18788,TRUE,FALSE,FALSE
350,350,49,male,7,YouTube,Sports,United States,Rural,Student,12147,TRUE,TRUE,FALSE
351,351,40,male,4,YouTube,Travel,Australia,Sub_Urban,Marketer Manager,10615,FALSE,TRUE,TRUE
352,352,50,female,2,Instagram,Sports,United Kingdom,Urban,Software Engineer,10947,TRUE,FALSE,TRUE
353,353,20,non-binary,7,YouTube,Lifestlye,United States,Sub_Urban,Marketer Manager,15677,FALSE,TRUE,TRUE
354,354,35,male,6,Instagram,Travel,Australia,Rural,Student,14651,FALSE,FALSE,TRUE
355,355,42,non-binary,3,YouTube,Lifestlye,United Kingdom,Sub_Urban,Marketer Manager,17866,FALSE,TRUE,TRUE
356,356,59,female,6,Instagram,Sports,Australia,Sub_Urban,Student,12013,TRUE,TRUE,FALSE
357,357,48,female,6,YouTube,Travel,Australia,Rural,Student,13697,TRUE,TRUE,TRUE
358,358,20,male,5,Facebook,Lifestlye,United Kingdom,Urban,Marketer Manager,10490,TRUE,FALSE,FALSE
359,359,57,female,4,YouTube,Travel,United States,Sub_Urban,Software Engineer,14350,TRUE,TRUE,FALSE
360,360,63,male,1,YouTube,Travel,Australia,Rural,Marketer Manager,12428,FALSE,FALSE,FALSE
361,361,41,female,6,Instagram,Sports,Australia,Rural,Software Engineer,14987,FALSE,FALSE,TRUE
362,362,49,female,2,Instagram,Lifestlye,United States,Sub_Urban,Software Engineer,18733,TRUE,FALSE,FALSE
363,363,64,male,3,YouTube,Travel,United States,Urban,Marketer Manager,19479,TRUE,TRUE,TRUE
364,364,39,male,8,Facebook,Travel,United Kingdom,Sub_Urban,Software Engineer,19825,TRUE,TRUE,FALSE
365,365,40,male,6,Facebook,Lifestlye,United Kingdom,Urban,Software Engineer,14920,TRUE,TRUE,TRUE
366,366,19,female,3,Instagram,Travel,United Kingdom,Urban,Marketer Manager,12926,TRUE,FALSE,FALSE
367,367,44,female,7,Facebook,Travel,United States,Urban,Marketer Manager,19544,TRUE,FALSE,TRUE
368,368,59,non-binary,4,YouTube,Travel,Australia,Urban,Marketer Manager,17282,TRUE,TRUE,FALSE
369,369,19,male,9,Instagram,Lifestlye,Australia,Sub_Urban,Software Engineer,14376,FALSE,FALSE,FALSE
370,370,43,female,5,YouTube,Lifestlye,United Kingdom,Rural,Student,19490,FALSE,TRUE,FALSE
371,371,34,female,3,Instagram,Lifestlye,United States,Rural,Software Engineer,14868,FALSE,TRUE,FALSE
372,372,57,male,2,Instagram,Lifestlye,Australia,Rural,Student,16986,FALSE,TRUE,TRUE
373,373,50,non-binary,2,Instagram,Sports,United Kingdom,Rural,Marketer Manager,16862,TRUE,TRUE,TRUE
374,374,26,male,3,Instagram,Travel,Australia,Rural,Student,14423,TRUE,FALSE,TRUE
375,375,60,non-binary,2,Facebook,Lifestlye,Australia,Rural,Marketer Manager,16870,TRUE,TRUE,FALSE
376,376,56,female,4,YouTube,Travel,United States,Sub_Urban,Marketer Manager,18159,TRUE,TRUE,FALSE
377,377,46,non-binary,2,YouTube,Travel,United States,Urban,Student,12073,TRUE,TRUE,FALSE
378,378,59,female,9,YouTube,Sports,Australia,Rural,Marketer Manager,16170,FALSE,TRUE,FALSE
379,379,43,male,2,Instagram,Lifestlye,United Kingdom,Sub_Urban,Student,10701,TRUE,TRUE,FALSE
380,380,52,male,9,Facebook,Lifestlye,United States,Rural,Marketer Manager,18113,FALSE,TRUE,FALSE
381,381,42,male,6,YouTube,Travel,Australia,Rural,Software Engineer,16825,TRUE,TRUE,TRUE
382,382,41,non-binary,1,Facebook,Lifestlye,United States,Urban,Software Engineer,17867,FALSE,FALSE,TRUE
383,383,30,female,4,Instagram,Travel,United States,Urban,Marketer Manager,14264,TRUE,FALSE,TRUE
384,384,24,male,1,YouTube,Travel,United States,Urban,Marketer Manager,17968,FALSE,FALSE,TRUE
385,385,53,male,6,Facebook,Sports,Australia,Rural,Student,18146,TRUE,FALSE,TRUE
386,386,62,female,4,Instagram,Sports,United Kingdom,Rural,Software Engineer,17776,TRUE,TRUE,TRUE
387,387,37,male,3,Facebook,Sports,United Kingdom,Rural,Student,18558,TRUE,FALSE,TRUE
388,388,18,female,3,YouTube,Travel,United Kingdom,Urban,Marketer Manager,18719,TRUE,FALSE,TRUE
389,389,25,female,9,YouTube,Lifestlye,United States,Sub_Urban,Marketer Manager,14886,FALSE,FALSE,FALSE
390,390,63,female,6,Instagram,Sports,Australia,Rural,Student,13935,TRUE,TRUE,FALSE
391,391,33,female,9,Instagram,Lifestlye,United States,Rural,Marketer Manager,14619,FALSE,FALSE,FALSE
392,392,31,female,5,Instagram,Sports,United Kingdom,Rural,Software Engineer,15191,TRUE,FALSE,FALSE
393,393,29,non-binary,2,Facebook,Sports,United Kingdom,Sub_Urban,Student,16875,FALSE,TRUE,FALSE
394,394,40,male,8,Facebook,Travel,Australia,Rural,Software Engineer,17856,TRUE,FALSE,FALSE
395,395,32,non-binary,5,Facebook,Sports,United States,Sub_Urban,Software Engineer,15401,TRUE,TRUE,FALSE
396,396,45,male,2,Instagram,Sports,United Kingdom,Rural,Software Engineer,13022,FALSE,FALSE,TRUE
397,397,51,non-binary,4,YouTube,Travel,Australia,Sub_Urban,Student,15738,TRUE,TRUE,TRUE
398,398,19,female,9,YouTube,Lifestlye,United States,Rural,Marketer Manager,15984,TRUE,FALSE,FALSE
399,399,49,male,4,Facebook,Sports,United States,Urban,Software Engineer,11770,FALSE,FALSE,TRUE
400,400,40,male,4,Facebook,Travel,United Kingdom,Urban,Software Engineer,19969,TRUE,FALSE,TRUE
401,401,39,non-binary,2,YouTube,Sports,United Kingdom,Urban,Software Engineer,18989,FALSE,TRUE,TRUE
402,402,42,non-binary,6,YouTube,Travel,United States,Urban,Marketer Manager,13215,TRUE,FALSE,TRUE
403,403,39,male,2,Facebook,Lifestlye,United States,Rural,Marketer Manager,16694,FALSE,TRUE,TRUE
404,404,39,non-binary,7,Facebook,Lifestlye,United Kingdom,Urban,Student,12976,FALSE,TRUE,FALSE
405,405,59,non-binary,3,YouTube,Travel,United States,Sub_Urban,Marketer Manager,13737,FALSE,TRUE,TRUE
406,406,23,non-binary,3,Instagram,Travel,United Kingdom,Urban,Student,19903,FALSE,TRUE,FALSE
407,407,32,female,5,Facebook,Travel,United States,Urban,Student,10752,TRUE,FALSE,FALSE
408,408,60,female,3,YouTube,Lifestlye,United Kingdom,Urban,Student,11392,TRUE,FALSE,FALSE
409,409,54,non-binary,2,YouTube,Sports,Australia,Rural,Student,16789,FALSE,FALSE,TRUE
410,410,50,non-binary,9,YouTube,Lifestlye,United Kingdom,Urban,Student,10677,TRUE,TRUE,FALSE
411,411,25,female,2,YouTube,Travel,United Kingdom,Sub_Urban,Software Engineer,10105,TRUE,FALSE,FALSE
412,412,61,female,2,Instagram,Travel,Australia,Urban,Marketer Manager,14753,TRUE,TRUE,FALSE
413,413,61,male,8,YouTube,Lifestlye,United States,Urban,Software Engineer,11946,FALSE,TRUE,FALSE
414,414,22,male,9,Facebook,Travel,Australia,Urban,Student,15544,TRUE,TRUE,TRUE
415,415,56,female,7,Instagram,Lifestlye,United Kingdom,Sub_Urban,Marketer Manager,11095,TRUE,FALSE,FALSE
416,416,21,non-binary,3,YouTube,Travel,United States,Urban,Software Engineer,16985,FALSE,FALSE,FALSE
417,417,23,non-binary,9,Instagram,Sports,Australia,Sub_Urban,Software Engineer,11782,TRUE,TRUE,FALSE
418,418,62,non-binary,3,Facebook,Sports,United States,Sub_Urban,Student,14541,FALSE,FALSE,FALSE
419,419,49,non-binary,5,YouTube,Travel,United States,Urban,Software Engineer,13257,FALSE,FALSE,TRUE
420,420,47,male,9,Facebook,Lifestlye,Australia,Sub_Urban,Software Engineer,16213,FALSE,TRUE,FALSE
421,421,64,female,3,YouTube,Sports,United States,Rural,Software Engineer,14869,TRUE,TRUE,FALSE
422,422,52,non-binary,7,YouTube,Lifestlye,Australia,Urban,Software Engineer,11561,TRUE,FALSE,FALSE
423,423,57,male,1,YouTube,Travel,United Kingdom,Urban,Software Engineer,14006,FALSE,TRUE,FALSE
424,424,33,non-binary,4,YouTube,Lifestlye,United States,Sub_Urban,Student,19867,FALSE,TRUE,FALSE
425,425,30,female,4,YouTube,Sports,United Kingdom,Sub_Urban,Student,19314,FALSE,FALSE,FALSE
426,426,59,male,7,Instagram,Lifestlye,United Kingdom,Urban,Software Engineer,13981,FALSE,FALSE,TRUE
427,427,47,female,8,YouTube,Lifestlye,United States,Rural,Student,19493,FALSE,TRUE,FALSE
428,428,36,female,1,YouTube,Travel,Australia,Sub_Urban,Student,15682,FALSE,FALSE,TRUE
429,429,34,male,5,Instagram,Travel,United States,Sub_Urban,Marketer Manager,15782,TRUE,TRUE,TRUE
430,430,36,male,7,Instagram,Travel,United Kingdom,Rural,Software Engineer,10943,FALSE,TRUE,FALSE
431,431,45,male,4,Instagram,Sports,United Kingdom,Rural,Student,14550,FALSE,FALSE,TRUE
432,432,43,male,4,Instagram,Sports,Australia,Urban,Student,19137,FALSE,TRUE,FALSE
433,433,54,male,4,Instagram,Travel,United States,Rural,Software Engineer,10600,TRUE,TRUE,TRUE
434,434,43,male,6,Instagram,Travel,United Kingdom,Urban,Marketer Manager,16376,TRUE,TRUE,FALSE
435,435,40,male,7,YouTube,Sports,United Kingdom,Rural,Software Engineer,19609,TRUE,FALSE,TRUE
436,436,26,non-binary,2,YouTube,Sports,United Kingdom,Sub_Urban,Marketer Manager,11524,TRUE,FALSE,TRUE
437,437,29,female,5,Facebook,Sports,Australia,Urban,Software Engineer,13766,FALSE,FALSE,FALSE
438,438,18,male,4,YouTube,Sports,United Kingdom,Urban,Software Engineer,10250,TRUE,TRUE,TRUE
439,439,18,non-binary,3,YouTube,Travel,United Kingdom,Urban,Software Engineer,19736,FALSE,TRUE,TRUE
440,440,64,non-binary,7,Instagram,Sports,United States,Rural,Software Engineer,10078,FALSE,FALSE,TRUE
441,441,51,non-binary,6,Instagram,Travel,United States,Sub_Urban,Marketer Manager,13123,FALSE,FALSE,TRUE
442,442,49,female,7,YouTube,Lifestlye,United Kingdom,Urban,Marketer Manager,19089,FALSE,FALSE,TRUE
443,443,42,male,5,Facebook,Lifestlye,United Kingdom,Urban,Student,17064,FALSE,TRUE,FALSE
444,444,57,non-binary,6,Instagram,Sports,United States,Urban,Software Engineer,18417,FALSE,FALSE,TRUE
445,445,62,female,5,YouTube,Lifestlye,Australia,Urban,Marketer Manager,11209,TRUE,TRUE,TRUE
446,446,18,female,7,YouTube,Lifestlye,Australia,Sub_Urban,Marketer Manager,15153,TRUE,FALSE,FALSE
447,447,33,female,2,Facebook,Lifestlye,Australia,Rural,Marketer Manager,14898,TRUE,TRUE,FALSE
448,448,56,non-binary,5,Facebook,Sports,Australia,Sub_Urban,Software Engineer,12178,TRUE,TRUE,FALSE
449,449,22,male,6,Instagram,Sports,Australia,Urban,Student,17610,TRUE,FALSE,TRUE
450,450,39,non-binary,6,Facebook,Lifestlye,Australia,Sub_Urban,Marketer Manager,18895,FALSE,TRUE,TRUE
451,451,46,non-binary,5,YouTube,Travel,Australia,Urban,Software Engineer,12544,TRUE,FALSE,TRUE
452,452,20,male,7,YouTube,Lifestlye,Australia,Rural,Marketer Manager,15522,TRUE,TRUE,TRUE
453,453,29,male,8,Facebook,Sports,United States,Rural,Marketer Manager,12370,TRUE,TRUE,FALSE
454,454,43,male,7,Facebook,Sports,Australia,Rural,Student,13281,FALSE,FALSE,FALSE
455,455,33,female,5,Facebook,Sports,Australia,Urban,Marketer Manager,14710,FALSE,TRUE,TRUE
456,456,54,male,1,Facebook,Lifestlye,Australia,Sub_Urban,Marketer Manager,10328,FALSE,FALSE,TRUE
457,457,39,non-binary,5,Instagram,Travel,United Kingdom,Rural,Software Engineer,15579,TRUE,FALSE,TRUE
458,458,46,male,2,Facebook,Sports,United States,Urban,Software Engineer,14228,TRUE,FALSE,TRUE
459,459,31,non-binary,5,Instagram,Sports,United States,Urban,Student,16794,TRUE,TRUE,FALSE
460,460,45,female,5,YouTube,Lifestlye,United States,Sub_Urban,Software Engineer,10120,TRUE,TRUE,FALSE
461,461,22,non-binary,2,Facebook,Travel,Australia,Rural,Software Engineer,16749,TRUE,TRUE,TRUE
462,462,64,non-binary,5,Instagram,Lifestlye,Australia,Urban,Student,10964,FALSE,FALSE,FALSE
463,463,47,male,4,Facebook,Sports,United Kingdom,Sub_Urban,Marketer Manager,14224,TRUE,FALSE,TRUE
464,464,63,male,1,YouTube,Travel,United States,Rural,Student,13675,FALSE,TRUE,TRUE
465,465,22,non-binary,3,YouTube,Travel,Australia,Sub_Urban,Software Engineer,15694,TRUE,TRUE,FALSE
466,466,29,male,1,YouTube,Sports,United States,Sub_Urban,Student,12076,FALSE,FALSE,TRUE
467,467,33,female,5,Facebook,Travel,United Kingdom,Urban,Marketer Manager,16865,FALSE,TRUE,FALSE
468,468,43,female,4,Facebook,Travel,United Kingdom,Urban,Student,15643,FALSE,FALSE,TRUE
469,469,43,male,7,Instagram,Lifestlye,United Kingdom,Urban,Software Engineer,18524,FALSE,TRUE,FALSE
470,470,38,female,5,YouTube,Sports,United States,Sub_Urban,Software Engineer,15249,TRUE,FALSE,TRUE
471,471,56,male,4,Facebook,Sports,Australia,Urban,Student,11316,TRUE,TRUE,FALSE
472,472,53,non-binary,2,YouTube,Sports,Australia,Sub_Urban,Marketer Manager,11196,TRUE,TRUE,TRUE
473,473,50,non-binary,4,YouTube,Sports,United Kingdom,Sub_Urban,Student,13170,FALSE,FALSE,TRUE
474,474,47,female,2,Instagram,Sports,Australia,Urban,Marketer Manager,19621,TRUE,FALSE,FALSE
475,475,54,male,8,Instagram,Travel,United Kingdom,Rural,Marketer Manager,10355,TRUE,FALSE,TRUE
476,476,40,male,3,Instagram,Lifestlye,United States,Rural,Student,19718,TRUE,TRUE,FALSE
477,477,27,female,9,Instagram,Sports,United Kingdom,Rural,Marketer Manager,10028,TRUE,FALSE,FALSE
478,478,22,non-binary,4,YouTube,Lifestlye,United States,Sub_Urban,Software Engineer,11013,FALSE,FALSE,TRUE
479,479,53,female,6,Instagram,Lifestlye,United Kingdom,Sub_Urban,Student,19019,FALSE,TRUE,TRUE
480,480,51,non-binary,5,Instagram,Travel,Australia,Sub_Urban,Marketer Manager,12024,TRUE,FALSE,TRUE
481,481,48,male,1,Instagram,Sports,Australia,Urban,Software Engineer,18490,TRUE,FALSE,TRUE
482,482,27,non-binary,9,Instagram,Travel,United Kingdom,Sub_Urban,Student,15839,TRUE,FALSE,FALSE
483,483,36,female,1,YouTube,Sports,Australia,Urban,Software Engineer,15791,FALSE,TRUE,TRUE
484,484,49,male,8,Instagram,Travel,Australia,Urban,Software Engineer,10754,FALSE,TRUE,TRUE
485,485,18,female,9,YouTube,Lifestlye,Australia,Rural,Software Engineer,18961,FALSE,TRUE,TRUE
486,486,22,female,9,Facebook,Sports,United States,Rural,Marketer Manager,13735,TRUE,FALSE,FALSE
487,487,62,non-binary,1,YouTube,Lifestlye,Australia,Rural,Student,11238,FALSE,TRUE,TRUE
488,488,21,female,2,YouTube,Lifestlye,United States,Urban,Student,11906,FALSE,FALSE,FALSE
489,489,33,non-binary,1,Instagram,Travel,United Kingdom,Urban,Marketer Manager,17399,FALSE,FALSE,TRUE
490,490,41,male,2,Facebook,Sports,Australia,Urban,Student,17961,FALSE,FALSE,FALSE
491,491,33,non-binary,8,Facebook,Lifestlye,Australia,Sub_Urban,Software Engineer,19756,FALSE,TRUE,TRUE
492,492,19,male,5,Facebook,Travel,Australia,Urban,Student,19410,TRUE,TRUE,TRUE
493,493,45,non-binary,7,Facebook,Sports,United Kingdom,Rural,Marketer Manager,14601,TRUE,FALSE,FALSE
494,494,49,female,2,YouTube,Sports,United States,Rural,Software Engineer,19549,TRUE,FALSE,TRUE
495,495,44,non-binary,8,Facebook,Lifestlye,United States,Urban,Marketer Manager,11460,TRUE,TRUE,TRUE
496,496,37,non-binary,6,YouTube,Sports,Australia,Urban,Software Engineer,17669,FALSE,TRUE,TRUE
497,497,41,male,8,YouTube,Lifestlye,United Kingdom,Rural,Software Engineer,11416,TRUE,TRUE,FALSE
498,498,29,female,1,YouTube,Sports,United Kingdom,Urban,Student,17766,TRUE,FALSE,TRUE
499,499,52,non-binary,1,Facebook,Travel,United Kingdom,Rural,Software Engineer,11428,TRUE,TRUE,FALSE
500,500,50,female,7,Instagram,Lifestlye,United Kingdom,Sub_Urban,Marketer Manager,14378,FALSE,TRUE,FALSE
501,501,50,non-binary,8,Instagram,Lifestlye,United Kingdom,Rural,Student,17529,TRUE,TRUE,FALSE
502,502,60,non-binary,3,Facebook,Sports,United States,Sub_Urban,Marketer Manager,14474,FALSE,FALSE,TRUE
503,503,54,female,5,Instagram,Sports,United States,Urban,Software Engineer,13071,FALSE,TRUE,FALSE
504,504,29,non-binary,1,Instagram,Lifestlye,United States,Urban,Marketer Manager,10555,FALSE,FALSE,FALSE
505,505,20,female,7,YouTube,Sports,Australia,Sub_Urban,Marketer Manager,18547,TRUE,FALSE,TRUE
506,506,18,non-binary,5,YouTube,Travel,United Kingdom,Urban,Software Engineer,11563,FALSE,FALSE,FALSE
507,507,50,male,8,Facebook,Sports,Australia,Sub_Urban,Student,11040,TRUE,TRUE,FALSE
508,508,57,female,8,Facebook,Travel,United Kingdom,Urban,Marketer Manager,12686,TRUE,TRUE,TRUE
509,509,27,non-binary,9,Instagram,Travel,United States,Rural,Software Engineer,12553,TRUE,TRUE,TRUE
510,510,60,non-binary,7,YouTube,Travel,Australia,Urban,Student,11779,FALSE,FALSE,FALSE
511,511,61,male,1,Facebook,Travel,United States,Rural,Student,10075,FALSE,TRUE,TRUE
512,512,46,female,3,Facebook,Travel,United Kingdom,Rural,Student,14326,TRUE,FALSE,TRUE
513,513,30,non-binary,8,Facebook,Sports,United Kingdom,Sub_Urban,Marketer Manager,15835,FALSE,TRUE,TRUE
514,514,29,male,3,Facebook,Travel,United Kingdom,Urban,Marketer Manager,15057,FALSE,TRUE,FALSE
515,515,48,non-binary,8,Facebook,Sports,United States,Sub_Urban,Marketer Manager,12349,FALSE,TRUE,FALSE
516,516,63,female,1,Facebook,Travel,United Kingdom,Urban,Student,12773,TRUE,TRUE,TRUE
517,517,19,non-binary,5,Instagram,Lifestlye,United States,Rural,Marketer Manager,12262,FALSE,FALSE,FALSE
518,518,52,non-binary,4,YouTube,Travel,Australia,Rural,Software Engineer,13229,FALSE,FALSE,TRUE
519,519,40,non-binary,5,YouTube,Lifestlye,United Kingdom,Urban,Marketer Manager,10392,TRUE,FALSE,TRUE
520,520,34,non-binary,8,Facebook,Travel,United Kingdom,Urban,Marketer Manager,11108,FALSE,FALSE,TRUE
521,521,43,male,4,YouTube,Travel,United Kingdom,Sub_Urban,Student,14362,TRUE,TRUE,TRUE
522,522,25,male,4,YouTube,Travel,Australia,Urban,Marketer Manager,15188,FALSE,FALSE,TRUE
523,523,46,female,3,YouTube,Lifestlye,United Kingdom,Urban,Software Engineer,18802,FALSE,FALSE,FALSE
524,524,43,male,7,Facebook,Lifestlye,United States,Urban,Student,15057,FALSE,FALSE,FALSE
525,525,27,male,3,Facebook,Travel,United States,Sub_Urban,Software Engineer,13998,FALSE,TRUE,FALSE
526,526,43,female,3,YouTube,Sports,United Kingdom,Urban,Student,18864,FALSE,FALSE,FALSE
527,527,51,male,5,YouTube,Travel,United Kingdom,Rural,Student,16566,FALSE,FALSE,TRUE
528,528,58,male,5,Facebook,Lifestlye,Australia,Sub_Urban,Marketer Manager,13677,TRUE,TRUE,TRUE
529,529,24,female,6,Instagram,Travel,Australia,Sub_Urban,Software Engineer,15796,FALSE,TRUE,FALSE
530,530,21,female,8,YouTube,Lifestlye,Australia,Rural,Student,16363,FALSE,FALSE,FALSE
531,531,62,female,6,Instagram,Lifestlye,United Kingdom,Rural,Marketer Manager,18123,FALSE,FALSE,TRUE
532,532,28,non-binary,1,YouTube,Lifestlye,Australia,Rural,Student,18222,TRUE,TRUE,TRUE
533,533,46,non-binary,8,Instagram,Travel,Australia,Urban,Student,17690,TRUE,FALSE,TRUE
534,534,53,female,8,Instagram,Lifestlye,United States,Rural,Student,11400,TRUE,TRUE,FALSE
535,535,42,female,9,Instagram,Lifestlye,Australia,Urban,Student,14071,FALSE,FALSE,TRUE
536,536,38,female,9,Facebook,Travel,United States,Sub_Urban,Student,18808,FALSE,FALSE,TRUE
537,537,53,non-binary,2,Instagram,Lifestlye,United States,Sub_Urban,Student,12786,TRUE,FALSE,FALSE
538,538,27,non-binary,2,Instagram,Travel,Australia,Rural,Marketer Manager,17169,TRUE,FALSE,FALSE
539,539,54,male,3,Instagram,Lifestlye,United States,Urban,Student,10870,TRUE,FALSE,FALSE
540,540,26,male,1,YouTube,Sports,United Kingdom,Rural,Software Engineer,14196,FALSE,TRUE,TRUE
541,541,41,female,4,Instagram,Sports,United Kingdom,Rural,Marketer Manager,19604,TRUE,TRUE,TRUE
542,542,52,non-binary,4,YouTube,Lifestlye,Australia,Urban,Software Engineer,12739,FALSE,FALSE,FALSE
543,543,52,non-binary,9,Instagram,Sports,United Kingdom,Rural,Student,10940,FALSE,FALSE,TRUE
544,544,53,non-binary,9,Instagram,Travel,United States,Sub_Urban,Software Engineer,10340,FALSE,FALSE,TRUE
545,545,35,female,9,Facebook,Sports,United Kingdom,Rural,Student,17422,TRUE,TRUE,TRUE
546,546,56,male,7,YouTube,Lifestlye,Australia,Urban,Student,14133,FALSE,TRUE,FALSE
547,547,49,female,2,Instagram,Lifestlye,Australia,Urban,Marketer Manager,10659,TRUE,TRUE,FALSE
548,548,41,male,5,YouTube,Travel,United States,Sub_Urban,Marketer Manager,19752,TRUE,TRUE,TRUE
549,549,40,male,4,YouTube,Lifestlye,Australia,Urban,Student,13457,TRUE,TRUE,TRUE
550,550,49,female,8,Facebook,Travel,United Kingdom,Urban,Marketer Manager,19848,TRUE,TRUE,TRUE
551,551,54,male,2,Facebook,Sports,Australia,Sub_Urban,Software Engineer,12975,FALSE,TRUE,TRUE
552,552,29,male,6,Facebook,Sports,United States,Rural,Marketer Manager,19241,FALSE,TRUE,FALSE
553,553,30,non-binary,5,Facebook,Travel,Australia,Sub_Urban,Marketer Manager,10453,FALSE,FALSE,FALSE
554,554,40,male,2,Facebook,Travel,United Kingdom,Rural,Software Engineer,19896,FALSE,TRUE,TRUE
555,555,42,female,1,Facebook,Lifestlye,United States,Sub_Urban,Marketer Manager,18184,TRUE,TRUE,TRUE
556,556,52,female,8,Facebook,Sports,United Kingdom,Rural,Student,15442,TRUE,TRUE,FALSE
557,557,58,male,2,Facebook,Travel,United States,Sub_Urban,Software Engineer,10818,TRUE,TRUE,TRUE
558,558,47,non-binary,7,Instagram,Sports,Australia,Rural,Student,14868,TRUE,FALSE,FALSE
559,559,34,non-binary,9,YouTube,Travel,United States,Sub_Urban,Software Engineer,10012,FALSE,TRUE,TRUE
560,560,37,male,9,Facebook,Sports,United States,Rural,Student,17727,TRUE,FALSE,FALSE
561,561,42,male,8,Facebook,Lifestlye,Australia,Sub_Urban,Student,10920,FALSE,FALSE,TRUE
562,562,39,female,9,YouTube,Sports,United Kingdom,Urban,Marketer Manager,14920,TRUE,FALSE,TRUE
563,563,30,male,2,Instagram,Sports,Australia,Rural,Student,12418,TRUE,TRUE,FALSE
564,564,36,non-binary,6,YouTube,Sports,United States,Sub_Urban,Marketer Manager,19506,TRUE,TRUE,FALSE
565,565,53,male,4,YouTube,Sports,Australia,Rural,Software Engineer,16475,TRUE,TRUE,TRUE
566,566,29,female,4,Facebook,Sports,United States,Rural,Student,12017,FALSE,FALSE,TRUE
567,567,58,female,5,YouTube,Lifestlye,Australia,Sub_Urban,Student,17957,FALSE,FALSE,FALSE
568,568,36,female,3,YouTube,Travel,Australia,Rural,Software Engineer,19420,FALSE,FALSE,FALSE
569,569,29,female,1,Facebook,Sports,United Kingdom,Sub_Urban,Software Engineer,14792,FALSE,FALSE,TRUE
570,570,26,female,8,Facebook,Lifestlye,United States,Urban,Student,16830,TRUE,TRUE,TRUE
571,571,24,male,5,Facebook,Sports,United Kingdom,Rural,Software Engineer,12434,TRUE,TRUE,FALSE
572,572,45,male,3,Facebook,Sports,United States,Urban,Marketer Manager,12868,FALSE,TRUE,FALSE
573,573,31,male,7,YouTube,Travel,Australia,Rural,Software Engineer,11438,FALSE,FALSE,FALSE
574,574,48,male,7,YouTube,Sports,United States,Rural,Software Engineer,13543,TRUE,FALSE,FALSE
575,575,36,female,1,Instagram,Lifestlye,United Kingdom,Rural,Student,11781,TRUE,TRUE,FALSE
576,576,64,non-binary,9,Instagram,Lifestlye,United Kingdom,Sub_Urban,Marketer Manager,16343,FALSE,TRUE,TRUE
577,577,33,male,2,YouTube,Travel,United Kingdom,Urban,Software Engineer,12263,FALSE,FALSE,TRUE
578,578,22,non-binary,5,Instagram,Sports,United States,Rural,Marketer Manager,10211,FALSE,TRUE,FALSE
579,579,52,male,5,YouTube,Lifestlye,United Kingdom,Sub_Urban,Marketer Manager,18699,TRUE,TRUE,TRUE
580,580,29,male,8,Instagram,Sports,United Kingdom,Rural,Marketer Manager,16159,FALSE,FALSE,TRUE
581,581,42,non-binary,8,Facebook,Sports,United Kingdom,Sub_Urban,Student,17027,FALSE,FALSE,FALSE
582,582,38,female,7,Instagram,Sports,Australia,Rural,Software Engineer,10331,FALSE,FALSE,TRUE
583,583,53,male,7,Facebook,Travel,Australia,Urban,Student,16860,FALSE,TRUE,TRUE
584,584,40,male,6,Facebook,Sports,United States,Urban,Software Engineer,18044,FALSE,FALSE,TRUE
585,585,33,male,6,Facebook,Lifestlye,United States,Rural,Software Engineer,18169,TRUE,TRUE,FALSE
586,586,56,non-binary,9,Facebook,Sports,United Kingdom,Sub_Urban,Student,18742,FALSE,TRUE,FALSE
587,587,62,female,6,Instagram,Lifestlye,Australia,Rural,Marketer Manager,15720,TRUE,FALSE,TRUE
588,588,59,non-binary,2,YouTube,Sports,United Kingdom,Sub_Urban,Marketer Manager,19133,FALSE,TRUE,TRUE
589,589,56,non-binary,2,Facebook,Lifestlye,United Kingdom,Rural,Software Engineer,10727,FALSE,FALSE,TRUE
590,590,31,female,5,Instagram,Lifestlye,Australia,Sub_Urban,Student,14975,FALSE,FALSE,TRUE
591,591,48,non-binary,4,Facebook,Sports,Australia,Urban,Marketer Manager,13243,TRUE,TRUE,TRUE
592,592,22,female,2,Instagram,Sports,Australia,Rural,Marketer Manager,10648,TRUE,TRUE,TRUE
593,593,52,male,3,Instagram,Lifestlye,United States,Urban,Software Engineer,15095,TRUE,FALSE,FALSE
594,594,40,female,7,Instagram,Travel,United States,Urban,Software Engineer,16614,FALSE,FALSE,TRUE
595,595,46,male,8,YouTube,Sports,United Kingdom,Rural,Student,17135,FALSE,FALSE,TRUE
596,596,60,non-binary,6,Instagram,Travel,United States,Rural,Software Engineer,11009,TRUE,FALSE,FALSE
597,597,28,non-binary,5,Instagram,Sports,Australia,Sub_Urban,Marketer Manager,11550,TRUE,FALSE,TRUE
598,598,35,male,1,YouTube,Sports,Australia,Sub_Urban,Marketer Manager,18995,FALSE,FALSE,TRUE
599,599,64,non-binary,8,YouTube,Sports,United States,Urban,Marketer Manager,17492,TRUE,TRUE,TRUE
600,600,29,female,3,Instagram,Sports,United Kingdom,Sub_Urban,Marketer Manager,13401,FALSE,TRUE,TRUE
601,601,26,male,6,YouTube,Travel,United Kingdom,Sub_Urban,Student,17447,TRUE,TRUE,FALSE
602,602,27,non-binary,3,Facebook,Sports,United States,Rural,Student,15424,TRUE,TRUE,TRUE
603,603,61,male,7,Facebook,Lifestlye,United Kingdom,Sub_Urban,Software Engineer,14241,TRUE,FALSE,FALSE
604,604,34,female,7,YouTube,Lifestlye,United Kingdom,Urban,Software Engineer,13161,FALSE,TRUE,TRUE
605,605,55,female,9,YouTube,Travel,United Kingdom,Sub_Urban,Software Engineer,14155,FALSE,TRUE,TRUE
606,606,24,non-binary,5,Instagram,Sports,Australia,Urban,Student,17478,TRUE,FALSE,FALSE
607,607,63,female,8,YouTube,Lifestlye,Australia,Rural,Marketer Manager,18719,FALSE,TRUE,TRUE
608,608,30,male,8,Instagram,Travel,United States,Urban,Software Engineer,19215,FALSE,FALSE,FALSE
609,609,57,female,1,Facebook,Sports,Australia,Sub_Urban,Marketer Manager,16617,FALSE,FALSE,FALSE
610,610,59,male,5,YouTube,Lifestlye,United Kingdom,Rural,Software Engineer,15660,FALSE,FALSE,FALSE
611,611,26,male,3,Instagram,Lifestlye,Australia,Sub_Urban,Software Engineer,18624,TRUE,FALSE,TRUE
612,612,44,female,1,Instagram,Travel,United States,Rural,Software Engineer,11176,FALSE,FALSE,TRUE
613,613,19,non-binary,4,Facebook,Sports,Australia,Rural,Software Engineer,17956,FALSE,TRUE,TRUE
614,614,22,female,8,YouTube,Sports,United Kingdom,Sub_Urban,Software Engineer,18592,TRUE,TRUE,TRUE
615,615,46,male,3,Facebook,Lifestlye,United Kingdom,Sub_Urban,Marketer Manager,12233,FALSE,TRUE,FALSE
616,616,54,male,2,Instagram,Lifestlye,United States,Rural,Software Engineer,14700,FALSE,FALSE,TRUE
617,617,55,female,9,Instagram,Lifestlye,Australia,Rural,Marketer Manager,15906,FALSE,TRUE,TRUE
618,618,36,non-binary,5,YouTube,Sports,Australia,Sub_Urban,Student,17860,TRUE,TRUE,FALSE
619,619,25,non-binary,7,Instagram,Travel,Australia,Urban,Software Engineer,17526,TRUE,TRUE,FALSE
620,620,62,male,2,YouTube,Travel,United Kingdom,Sub_Urban,Marketer Manager,15559,FALSE,TRUE,TRUE
621,621,18,male,9,Facebook,Sports,United States,Rural,Student,16732,FALSE,FALSE,FALSE
622,622,39,non-binary,9,YouTube,Travel,Australia,Sub_Urban,Student,12513,TRUE,TRUE,FALSE
623,623,34,female,4,YouTube,Lifestlye,United Kingdom,Urban,Student,17830,TRUE,FALSE,FALSE
624,624,24,male,4,Instagram,Travel,United Kingdom,Sub_Urban,Marketer Manager,19965,TRUE,FALSE,FALSE
625,625,42,male,6,Instagram,Travel,United Kingdom,Rural,Software Engineer,16944,FALSE,TRUE,FALSE
626,626,62,non-binary,6,YouTube,Travel,Australia,Sub_Urban,Software Engineer,17910,FALSE,FALSE,TRUE
627,627,21,female,1,Instagram,Lifestlye,Australia,Rural,Marketer Manager,15649,TRUE,FALSE,TRUE
628,628,53,non-binary,9,Instagram,Sports,Australia,Rural,Software Engineer,11096,FALSE,FALSE,TRUE
629,629,23,female,2,Instagram,Lifestlye,Australia,Sub_Urban,Marketer Manager,19120,FALSE,FALSE,TRUE
630,630,48,female,5,YouTube,Sports,Australia,Rural,Software Engineer,11951,FALSE,FALSE,TRUE
631,631,36,female,9,Instagram,Sports,Australia,Rural,Student,19746,FALSE,FALSE,TRUE
632,632,61,male,4,YouTube,Sports,Australia,Urban,Software Engineer,19186,FALSE,FALSE,TRUE
633,633,56,non-binary,3,Instagram,Travel,Australia,Urban,Marketer Manager,17799,FALSE,TRUE,FALSE
634,634,44,non-binary,7,Facebook,Travel,Australia,Urban,Marketer Manager,18804,FALSE,TRUE,TRUE
635,635,27,female,6,Instagram,Sports,United Kingdom,Urban,Student,10595,TRUE,FALSE,TRUE
636,636,43,male,8,Instagram,Sports,Australia,Rural,Marketer Manager,17875,TRUE,FALSE,TRUE
637,637,36,male,3,YouTube,Travel,United States,Sub_Urban,Software Engineer,19033,TRUE,TRUE,FALSE
638,638,56,non-binary,5,YouTube,Lifestlye,United Kingdom,Rural,Software Engineer,14439,TRUE,TRUE,TRUE
639,639,20,male,4,Instagram,Sports,Australia,Rural,Student,15972,TRUE,TRUE,TRUE
640,640,62,male,4,Facebook,Lifestlye,United States,Rural,Marketer Manager,10858,TRUE,TRUE,FALSE
641,641,30,female,4,Instagram,Travel,Australia,Sub_Urban,Student,15519,TRUE,FALSE,TRUE
642,642,45,male,8,Instagram,Sports,United States,Urban,Software Engineer,17385,TRUE,FALSE,TRUE
643,643,37,female,6,Facebook,Lifestlye,United States,Rural,Student,18636,TRUE,TRUE,FALSE
644,644,45,non-binary,3,YouTube,Lifestlye,United States,Rural,Marketer Manager,19980,FALSE,TRUE,TRUE
645,645,25,male,5,Instagram,Lifestlye,United States,Urban,Student,14317,FALSE,TRUE,FALSE
646,646,58,non-binary,6,YouTube,Travel,United Kingdom,Rural,Marketer Manager,13454,TRUE,TRUE,TRUE
647,647,56,non-binary,5,YouTube,Travel,United Kingdom,Sub_Urban,Marketer Manager,11030,FALSE,FALSE,TRUE
648,648,18,male,6,Facebook,Lifestlye,United States,Rural,Software Engineer,19487,FALSE,TRUE,TRUE
649,649,20,male,8,Facebook,Lifestlye,Australia,Rural,Software Engineer,17906,TRUE,TRUE,FALSE
650,650,30,non-binary,7,YouTube,Travel,United States,Urban,Software Engineer,11447,TRUE,TRUE,FALSE
651,651,45,male,5,Instagram,Lifestlye,United Kingdom,Rural,Marketer Manager,12850,TRUE,FALSE,FALSE
652,652,42,female,6,YouTube,Lifestlye,Australia,Rural,Student,18106,FALSE,FALSE,TRUE
653,653,50,female,4,Instagram,Travel,United Kingdom,Sub_Urban,Marketer Manager,17151,FALSE,FALSE,TRUE
654,654,55,male,9,Instagram,Lifestlye,United Kingdom,Urban,Software Engineer,19503,TRUE,TRUE,FALSE
655,655,23,non-binary,4,Facebook,Lifestlye,Australia,Urban,Software Engineer,16952,FALSE,TRUE,FALSE
656,656,61,male,1,Instagram,Lifestlye,United States,Sub_Urban,Student,14055,FALSE,TRUE,TRUE
657,657,62,male,7,Instagram,Travel,United States,Rural,Software Engineer,15402,FALSE,FALSE,TRUE
658,658,49,non-binary,7,YouTube,Lifestlye,United States,Urban,Software Engineer,19281,TRUE,FALSE,TRUE
659,659,62,non-binary,4,Facebook,Travel,United States,Urban,Software Engineer,11672,FALSE,TRUE,TRUE
660,660,64,female,3,Instagram,Travel,Australia,Rural,Student,14532,FALSE,TRUE,FALSE
661,661,38,non-binary,8,Instagram,Sports,Australia,Rural,Marketer Manager,14924,FALSE,FALSE,TRUE
662,662,33,female,5,Facebook,Sports,Australia,Urban,Software Engineer,16085,FALSE,TRUE,TRUE
663,663,38,non-binary,7,YouTube,Lifestlye,United Kingdom,Rural,Student,17734,FALSE,TRUE,TRUE
664,664,28,male,4,Facebook,Travel,Australia,Urban,Software Engineer,14864,FALSE,TRUE,TRUE
665,665,54,female,4,Facebook,Sports,United States,Rural,Student,19316,FALSE,FALSE,TRUE
666,666,53,female,8,Instagram,Lifestlye,United Kingdom,Rural,Software Engineer,11221,TRUE,TRUE,TRUE
667,667,52,female,8,Instagram,Sports,United States,Sub_Urban,Student,12860,TRUE,TRUE,TRUE
668,668,36,male,2,YouTube,Sports,United States,Rural,Software Engineer,18428,FALSE,TRUE,FALSE
669,669,37,male,2,Instagram,Travel,Australia,Sub_Urban,Marketer Manager,19336,TRUE,TRUE,FALSE
670,670,35,male,3,Instagram,Travel,Australia,Rural,Software Engineer,13253,FALSE,FALSE,FALSE
671,671,64,male,3,Facebook,Sports,United States,Urban,Student,13782,FALSE,FALSE,TRUE
672,672,58,male,1,Instagram,Sports,United States,Urban,Software Engineer,16957,FALSE,FALSE,FALSE
673,673,31,female,3,YouTube,Travel,United Kingdom,Rural,Marketer Manager,10766,TRUE,TRUE,TRUE
674,674,32,male,6,Facebook,Lifestlye,Australia,Rural,Software Engineer,12681,FALSE,FALSE,TRUE
675,675,48,female,8,YouTube,Travel,United Kingdom,Urban,Student,17710,FALSE,TRUE,TRUE
676,676,18,male,6,Facebook,Sports,United Kingdom,Rural,Student,17482,TRUE,FALSE,TRUE
677,677,20,non-binary,5,Instagram,Lifestlye,United Kingdom,Sub_Urban,Marketer Manager,15086,TRUE,TRUE,FALSE
678,678,33,female,4,Facebook,Sports,United States,Sub_Urban,Student,17964,FALSE,FALSE,TRUE
679,679,40,non-binary,3,Facebook,Lifestlye,United Kingdom,Sub_Urban,Software Engineer,12665,TRUE,FALSE,TRUE
680,680,28,female,4,Instagram,Sports,United Kingdom,Sub_Urban,Software Engineer,19951,TRUE,FALSE,FALSE
681,681,29,non-binary,7,Instagram,Lifestlye,United States,Sub_Urban,Software Engineer,13513,FALSE,TRUE,FALSE
682,682,27,male,1,YouTube,Lifestlye,Australia,Rural,Student,10495,FALSE,TRUE,FALSE
683,683,49,male,7,YouTube,Sports,Australia,Rural,Software Engineer,15822,FALSE,TRUE,TRUE
684,684,33,male,1,Instagram,Lifestlye,United Kingdom,Sub_Urban,Software Engineer,12072,TRUE,FALSE,FALSE
685,685,25,female,2,Instagram,Travel,United States,Rural,Software Engineer,17795,TRUE,TRUE,TRUE
686,686,55,non-binary,4,Instagram,Sports,Australia,Rural,Marketer Manager,18529,TRUE,TRUE,TRUE
687,687,29,male,1,Facebook,Travel,United Kingdom,Sub_Urban,Student,13949,FALSE,TRUE,FALSE
688,688,41,non-binary,9,Facebook,Sports,United Kingdom,Rural,Student,16033,TRUE,TRUE,FALSE
689,689,45,non-binary,6,Facebook,Lifestlye,United States,Rural,Student,18328,TRUE,TRUE,FALSE
690,690,25,male,1,Instagram,Lifestlye,United Kingdom,Rural,Marketer Manager,12555,FALSE,TRUE,TRUE
691,691,45,male,1,YouTube,Lifestlye,Australia,Sub_Urban,Student,16370,FALSE,FALSE,TRUE
692,692,53,non-binary,6,Instagram,Sports,United States,Rural,Marketer Manager,14415,FALSE,FALSE,TRUE
693,693,43,male,4,Facebook,Travel,Australia,Urban,Marketer Manager,15959,TRUE,TRUE,TRUE
694,694,25,male,4,Facebook,Travel,Australia,Urban,Student,19107,FALSE,FALSE,TRUE
695,695,45,male,6,Instagram,Sports,Australia,Sub_Urban,Software Engineer,15993,TRUE,FALSE,TRUE
696,696,45,female,7,Instagram,Sports,United Kingdom,Urban,Software Engineer,15021,TRUE,TRUE,FALSE
697,697,54,non-binary,9,Facebook,Travel,United Kingdom,Sub_Urban,Student,12907,FALSE,TRUE,TRUE
698,698,58,non-binary,5,Facebook,Travel,Australia,Urban,Student,12914,FALSE,FALSE,FALSE
699,699,53,female,9,Facebook,Travel,Australia,Urban,Marketer Manager,13870,FALSE,TRUE,FALSE
700,700,44,non-binary,4,Instagram,Travel,United States,Urban,Student,19190,FALSE,FALSE,FALSE
701,701,34,male,2,Facebook,Sports,United States,Sub_Urban,Marketer Manager,15085,FALSE,FALSE,FALSE
702,702,26,non-binary,3,Facebook,Sports,United Kingdom,Sub_Urban,Student,16546,TRUE,FALSE,FALSE
703,703,50,male,1,YouTube,Lifestlye,United Kingdom,Rural,Software Engineer,10395,TRUE,TRUE,TRUE
704,704,37,female,6,Instagram,Travel,United States,Sub_Urban,Software Engineer,10938,TRUE,FALSE,TRUE
705,705,30,male,6,YouTube,Lifestlye,Australia,Urban,Student,19828,FALSE,TRUE,TRUE
706,706,45,non-binary,1,YouTube,Sports,United Kingdom,Urban,Marketer Manager,12510,TRUE,TRUE,TRUE
707,707,46,non-binary,3,Facebook,Sports,Australia,Sub_Urban,Software Engineer,14636,FALSE,TRUE,FALSE
708,708,30,non-binary,5,Instagram,Lifestlye,United States,Sub_Urban,Marketer Manager,11649,FALSE,TRUE,FALSE
709,709,63,female,3,Facebook,Travel,United Kingdom,Sub_Urban,Student,13690,TRUE,TRUE,FALSE
710,710,52,female,3,Instagram,Travel,United Kingdom,Rural,Student,13435,TRUE,FALSE,TRUE
711,711,23,non-binary,3,YouTube,Travel,United States,Urban,Software Engineer,13201,FALSE,TRUE,TRUE
712,712,35,male,5,Instagram,Travel,United Kingdom,Rural,Student,14179,TRUE,TRUE,TRUE
713,713,22,female,5,Facebook,Lifestlye,United States,Rural,Software Engineer,18405,FALSE,TRUE,TRUE
714,714,64,non-binary,4,Facebook,Lifestlye,United Kingdom,Urban,Marketer Manager,13237,TRUE,TRUE,FALSE
715,715,42,non-binary,1,Facebook,Sports,United States,Urban,Software Engineer,13862,TRUE,TRUE,FALSE
716,716,19,female,5,Instagram,Travel,United Kingdom,Sub_Urban,Software Engineer,10058,TRUE,FALSE,TRUE
717,717,27,female,5,YouTube,Travel,Australia,Sub_Urban,Marketer Manager,14938,TRUE,TRUE,TRUE
718,718,47,female,4,YouTube,Travel,Australia,Rural,Software Engineer,12971,TRUE,TRUE,FALSE
719,719,62,male,6,Instagram,Lifestlye,Australia,Sub_Urban,Software Engineer,19719,FALSE,FALSE,FALSE
720,720,22,male,4,Facebook,Travel,United Kingdom,Sub_Urban,Student,18314,TRUE,TRUE,FALSE
721,721,50,non-binary,7,YouTube,Lifestlye,United Kingdom,Urban,Marketer Manager,19628,TRUE,FALSE,FALSE
722,722,18,female,7,Facebook,Travel,Australia,Urban,Software Engineer,19354,TRUE,FALSE,TRUE
723,723,35,male,2,Instagram,Travel,Australia,Sub_Urban,Marketer Manager,13345,FALSE,FALSE,FALSE
724,724,49,female,3,Facebook,Sports,United States,Urban,Marketer Manager,12486,FALSE,FALSE,FALSE
725,725,64,non-binary,1,YouTube,Travel,United States,Sub_Urban,Software Engineer,10561,FALSE,TRUE,FALSE
726,726,28,male,8,YouTube,Travel,United States,Urban,Student,13981,FALSE,TRUE,FALSE
727,727,38,male,9,Facebook,Sports,Australia,Urban,Marketer Manager,16261,FALSE,FALSE,TRUE
728,728,43,male,4,Instagram,Lifestlye,Australia,Urban,Software Engineer,11737,TRUE,FALSE,TRUE
729,729,42,non-binary,6,Facebook,Lifestlye,Australia,Urban,Marketer Manager,19096,TRUE,TRUE,TRUE
730,730,39,female,9,Instagram,Travel,United States,Sub_Urban,Student,13554,TRUE,FALSE,TRUE
731,731,44,male,6,Facebook,Lifestlye,United Kingdom,Rural,Student,19918,FALSE,FALSE,TRUE
732,732,30,non-binary,9,YouTube,Travel,Australia,Urban,Student,19126,FALSE,FALSE,TRUE
733,733,50,female,4,Instagram,Sports,United Kingdom,Sub_Urban,Software Engineer,17095,TRUE,TRUE,FALSE
734,734,51,non-binary,8,Instagram,Sports,United Kingdom,Sub_Urban,Software Engineer,18266,FALSE,FALSE,FALSE
735,735,58,female,9,Instagram,Travel,United Kingdom,Urban,Student,10294,FALSE,TRUE,FALSE
736,736,52,non-binary,4,YouTube,Sports,United States,Rural,Software Engineer,18212,FALSE,TRUE,FALSE
737,737,18,female,5,Facebook,Sports,United Kingdom,Urban,Student,19230,TRUE,TRUE,TRUE
738,738,38,male,8,YouTube,Travel,Australia,Sub_Urban,Software Engineer,15330,TRUE,FALSE,FALSE
739,739,23,female,6,Instagram,Travel,United States,Rural,Student,14655,FALSE,FALSE,TRUE
740,740,45,non-binary,7,Facebook,Sports,Australia,Sub_Urban,Marketer Manager,11109,FALSE,TRUE,FALSE
741,741,34,non-binary,3,YouTube,Lifestlye,Australia,Urban,Student,13771,FALSE,TRUE,FALSE
742,742,22,female,7,Instagram,Lifestlye,United States,Rural,Student,18563,FALSE,TRUE,FALSE
743,743,48,male,8,Instagram,Travel,Australia,Sub_Urban,Software Engineer,16123,TRUE,FALSE,TRUE
744,744,22,male,6,YouTube,Travel,Australia,Sub_Urban,Software Engineer,17647,FALSE,FALSE,FALSE
745,745,55,female,9,YouTube,Lifestlye,United States,Sub_Urban,Software Engineer,11174,TRUE,TRUE,TRUE
746,746,20,female,6,YouTube,Sports,Australia,Urban,Software Engineer,11164,TRUE,TRUE,TRUE
747,747,40,non-binary,9,Instagram,Lifestlye,United Kingdom,Rural,Software Engineer,19284,TRUE,FALSE,FALSE
748,748,54,male,4,YouTube,Lifestlye,Australia,Urban,Software Engineer,19475,FALSE,TRUE,TRUE
749,749,54,female,8,Instagram,Lifestlye,United Kingdom,Urban,Marketer Manager,19037,TRUE,FALSE,TRUE
750,750,27,male,4,YouTube,Lifestlye,Australia,Urban,Student,18712,TRUE,FALSE,FALSE
751,751,27,female,2,Instagram,Travel,United States,Rural,Student,14466,FALSE,TRUE,FALSE
752,752,36,female,9,Instagram,Travel,United States,Urban,Student,15538,FALSE,TRUE,FALSE
753,753,34,male,5,Facebook,Sports,Australia,Urban,Marketer Manager,17111,FALSE,FALSE,FALSE
754,754,38,female,4,YouTube,Sports,United States,Urban,Student,18434,TRUE,FALSE,FALSE
755,755,31,female,2,YouTube,Sports,Australia,Urban,Marketer Manager,12800,FALSE,FALSE,FALSE
756,756,26,non-binary,1,Instagram,Sports,United States,Sub_Urban,Marketer Manager,14607,TRUE,FALSE,TRUE
757,757,63,female,7,Instagram,Lifestlye,United Kingdom,Urban,Marketer Manager,17262,TRUE,FALSE,FALSE
758,758,18,female,6,Instagram,Travel,Australia,Sub_Urban,Student,11541,FALSE,TRUE,FALSE
759,759,62,female,2,Facebook,Travel,United Kingdom,Urban,Marketer Manager,12765,TRUE,FALSE,TRUE
760,760,30,non-binary,8,Facebook,Sports,United Kingdom,Rural,Student,14491,TRUE,FALSE,FALSE
761,761,21,male,4,Instagram,Sports,Australia,Sub_Urban,Student,13083,TRUE,FALSE,TRUE
762,762,18,non-binary,8,YouTube,Lifestlye,United Kingdom,Sub_Urban,Software Engineer,15356,TRUE,TRUE,FALSE
763,763,57,non-binary,7,YouTube,Lifestlye,Australia,Sub_Urban,Software Engineer,11857,FALSE,TRUE,FALSE
764,764,49,male,5,Facebook,Sports,United Kingdom,Sub_Urban,Marketer Manager,10769,TRUE,FALSE,TRUE
765,765,51,non-binary,8,Facebook,Travel,Australia,Rural,Marketer Manager,11422,FALSE,FALSE,FALSE
766,766,45,male,9,Instagram,Travel,Australia,Urban,Student,18598,TRUE,TRUE,TRUE
767,767,48,non-binary,5,YouTube,Travel,United States,Sub_Urban,Marketer Manager,12972,TRUE,TRUE,FALSE
768,768,25,male,5,Instagram,Sports,Australia,Rural,Marketer Manager,11872,FALSE,TRUE,FALSE
769,769,56,female,2,Facebook,Travel,Australia,Sub_Urban,Student,15599,TRUE,TRUE,TRUE
770,770,43,non-binary,5,YouTube,Lifestlye,United Kingdom,Urban,Marketer Manager,12269,TRUE,FALSE,FALSE
771,771,51,non-binary,3,YouTube,Lifestlye,Australia,Sub_Urban,Marketer Manager,15275,TRUE,TRUE,FALSE
772,772,20,non-binary,7,Facebook,Sports,United States,Rural,Student,14749,TRUE,FALSE,TRUE
773,773,29,non-binary,5,Instagram,Lifestlye,United Kingdom,Urban,Student,16571,TRUE,FALSE,FALSE
774,774,18,female,8,Instagram,Sports,United Kingdom,Rural,Software Engineer,19373,TRUE,TRUE,TRUE
775,775,61,non-binary,1,YouTube,Travel,United States,Urban,Student,15072,FALSE,TRUE,FALSE
776,776,22,female,3,Facebook,Travel,United Kingdom,Urban,Software Engineer,19631,FALSE,TRUE,TRUE
777,777,47,female,3,YouTube,Travel,United Kingdom,Urban,Marketer Manager,15463,FALSE,TRUE,FALSE
778,778,47,female,9,Facebook,Lifestlye,United Kingdom,Sub_Urban,Student,17450,TRUE,FALSE,TRUE
779,779,34,female,5,Instagram,Sports,United Kingdom,Rural,Student,18420,TRUE,FALSE,TRUE
780,780,64,male,9,Facebook,Travel,United States,Rural,Student,13959,TRUE,FALSE,FALSE
781,781,40,male,9,Instagram,Sports,United States,Rural,Marketer Manager,11313,FALSE,TRUE,FALSE
782,782,32,non-binary,1,Facebook,Travel,United Kingdom,Urban,Software Engineer,17847,TRUE,FALSE,TRUE
783,783,54,male,2,YouTube,Lifestlye,United Kingdom,Sub_Urban,Marketer Manager,11070,FALSE,TRUE,FALSE
784,784,38,male,5,Instagram,Lifestlye,United States,Urban,Marketer Manager,19166,TRUE,FALSE,TRUE
785,785,31,non-binary,4,YouTube,Sports,United States,Rural,Student,19930,TRUE,TRUE,FALSE
786,786,19,non-binary,9,YouTube,Lifestlye,United States,Sub_Urban,Software Engineer,13285,TRUE,FALSE,FALSE
787,787,28,non-binary,7,Instagram,Lifestlye,United Kingdom,Sub_Urban,Marketer Manager,18949,FALSE,FALSE,TRUE
788,788,56,male,6,Instagram,Sports,United Kingdom,Sub_Urban,Student,13095,TRUE,TRUE,TRUE
789,789,55,male,7,YouTube,Travel,Australia,Rural,Marketer Manager,10320,FALSE,FALSE,FALSE
790,790,51,non-binary,1,YouTube,Lifestlye,United States,Sub_Urban,Marketer Manager,12321,TRUE,FALSE,FALSE
791,791,55,female,1,YouTube,Sports,United Kingdom,Sub_Urban,Student,10555,TRUE,TRUE,FALSE
792,792,51,non-binary,8,YouTube,Lifestlye,United States,Urban,Student,14939,FALSE,TRUE,FALSE
793,793,35,female,2,Instagram,Lifestlye,United Kingdom,Urban,Software Engineer,15432,TRUE,TRUE,FALSE
794,794,47,female,9,Instagram,Lifestlye,United States,Sub_Urban,Marketer Manager,11386,TRUE,TRUE,TRUE
795,795,32,non-binary,7,YouTube,Lifestlye,United Kingdom,Sub_Urban,Student,14763,TRUE,TRUE,FALSE
796,796,44,non-binary,6,Facebook,Sports,Australia,Urban,Student,16854,TRUE,FALSE,FALSE
797,797,51,non-binary,1,Facebook,Sports,Australia,Urban,Software Engineer,17637,FALSE,TRUE,TRUE
798,798,55,male,1,Instagram,Sports,United States,Urban,Software Engineer,14841,FALSE,FALSE,TRUE
799,799,50,female,2,YouTube,Lifestlye,United Kingdom,Rural,Student,13867,TRUE,FALSE,TRUE
800,800,41,male,6,YouTube,Lifestlye,United Kingdom,Rural,Software Engineer,13793,TRUE,TRUE,FALSE
801,801,32,male,6,Instagram,Lifestlye,United States,Urban,Student,17373,FALSE,FALSE,TRUE
802,802,47,non-binary,2,Facebook,Sports,United Kingdom,Sub_Urban,Marketer Manager,12513,TRUE,FALSE,TRUE
803,803,59,male,1,Facebook,Lifestlye,United States,Urban,Software Engineer,13803,FALSE,TRUE,TRUE
804,804,34,non-binary,5,Facebook,Travel,United Kingdom,Rural,Marketer Manager,12327,TRUE,FALSE,TRUE
805,805,22,female,5,Instagram,Lifestlye,United States,Sub_Urban,Marketer Manager,18809,FALSE,TRUE,FALSE
806,806,46,non-binary,2,Facebook,Travel,United Kingdom,Rural,Marketer Manager,12165,FALSE,TRUE,FALSE
807,807,21,male,6,Instagram,Lifestlye,United States,Sub_Urban,Student,13308,FALSE,TRUE,FALSE
808,808,27,male,9,Instagram,Sports,United Kingdom,Rural,Marketer Manager,16452,FALSE,FALSE,TRUE
809,809,34,non-binary,2,YouTube,Lifestlye,Australia,Sub_Urban,Marketer Manager,18067,TRUE,FALSE,TRUE
810,810,27,non-binary,2,Facebook,Travel,United Kingdom,Sub_Urban,Marketer Manager,17642,TRUE,FALSE,TRUE
811,811,34,male,3,Instagram,Travel,United States,Sub_Urban,Student,16404,FALSE,FALSE,TRUE
812,812,37,female,7,Facebook,Lifestlye,Australia,Sub_Urban,Marketer Manager,10992,FALSE,TRUE,TRUE
813,813,41,female,6,Facebook,Travel,United Kingdom,Rural,Marketer Manager,15424,FALSE,FALSE,TRUE
814,814,22,non-binary,8,YouTube,Travel,Australia,Rural,Software Engineer,19569,FALSE,TRUE,FALSE
815,815,51,female,8,Facebook,Sports,United Kingdom,Sub_Urban,Student,14381,TRUE,FALSE,FALSE
816,816,23,male,6,YouTube,Lifestlye,Australia,Sub_Urban,Marketer Manager,13174,FALSE,FALSE,TRUE
817,817,19,non-binary,3,Instagram,Lifestlye,United States,Rural,Software Engineer,14782,FALSE,FALSE,FALSE
818,818,30,male,3,Facebook,Lifestlye,United Kingdom,Sub_Urban,Student,19497,FALSE,FALSE,TRUE
819,819,60,male,1,Instagram,Travel,United Kingdom,Sub_Urban,Student,15560,FALSE,FALSE,TRUE
820,820,60,female,7,Facebook,Lifestlye,United States,Sub_Urban,Student,17460,FALSE,TRUE,FALSE
821,821,28,non-binary,5,Instagram,Lifestlye,Australia,Urban,Student,13078,FALSE,FALSE,TRUE
822,822,64,non-binary,4,Facebook,Sports,United States,Sub_Urban,Student,12983,FALSE,FALSE,FALSE
823,823,40,female,4,Facebook,Sports,United States,Urban,Student,17259,TRUE,FALSE,TRUE
824,824,33,male,4,Facebook,Sports,Australia,Sub_Urban,Marketer Manager,16054,FALSE,FALSE,TRUE
825,825,48,male,6,Facebook,Travel,United States,Rural,Marketer Manager,12523,FALSE,TRUE,FALSE
826,826,28,male,8,Facebook,Lifestlye,United Kingdom,Urban,Marketer Manager,19677,FALSE,FALSE,TRUE
827,827,33,male,8,Facebook,Sports,United Kingdom,Urban,Marketer Manager,14581,TRUE,TRUE,TRUE
828,828,25,non-binary,5,Facebook,Sports,United Kingdom,Sub_Urban,Software Engineer,15609,TRUE,FALSE,TRUE
829,829,21,non-binary,6,Facebook,Sports,United States,Sub_Urban,Marketer Manager,12001,TRUE,TRUE,FALSE
830,830,57,female,4,Facebook,Lifestlye,United Kingdom,Urban,Student,11387,FALSE,TRUE,TRUE
831,831,21,female,9,Instagram,Lifestlye,United Kingdom,Rural,Marketer Manager,16552,FALSE,TRUE,TRUE
832,832,42,non-binary,8,YouTube,Lifestlye,United Kingdom,Rural,Marketer Manager,11030,FALSE,TRUE,TRUE
833,833,20,non-binary,1,Facebook,Travel,United Kingdom,Sub_Urban,Student,19957,TRUE,TRUE,FALSE
834,834,49,male,2,YouTube,Travel,United Kingdom,Rural,Marketer Manager,11220,FALSE,FALSE,FALSE
835,835,20,male,9,Facebook,Sports,United Kingdom,Rural,Marketer Manager,16035,TRUE,TRUE,FALSE
836,836,44,female,8,Facebook,Lifestlye,United States,Sub_Urban,Marketer Manager,19810,TRUE,FALSE,FALSE
837,837,46,non-binary,3,Instagram,Sports,United Kingdom,Rural,Software Engineer,19455,TRUE,TRUE,FALSE
838,838,49,female,8,Instagram,Lifestlye,United Kingdom,Sub_Urban,Marketer Manager,16523,TRUE,TRUE,TRUE
839,839,36,non-binary,1,YouTube,Lifestlye,Australia,Urban,Student,18074,TRUE,FALSE,FALSE
840,840,38,male,4,Instagram,Lifestlye,United States,Sub_Urban,Student,19063,FALSE,TRUE,FALSE
841,841,22,female,3,Instagram,Travel,United States,Urban,Marketer Manager,10834,FALSE,TRUE,TRUE
842,842,35,female,6,YouTube,Travel,United States,Urban,Marketer Manager,19110,TRUE,TRUE,FALSE
843,843,45,non-binary,7,Instagram,Lifestlye,United States,Rural,Marketer Manager,11724,FALSE,TRUE,TRUE
844,844,59,male,4,Facebook,Sports,United Kingdom,Rural,Student,16598,FALSE,FALSE,FALSE
845,845,39,female,7,YouTube,Lifestlye,United Kingdom,Rural,Student,12413,TRUE,TRUE,TRUE
846,846,38,male,9,YouTube,Lifestlye,Australia,Sub_Urban,Software Engineer,19505,TRUE,TRUE,TRUE
847,847,23,female,2,Facebook,Sports,Australia,Rural,Software Engineer,15993,FALSE,FALSE,FALSE
848,848,18,male,3,Instagram,Lifestlye,United States,Urban,Software Engineer,14498,FALSE,FALSE,FALSE
849,849,22,non-binary,5,YouTube,Sports,Australia,Rural,Student,12105,FALSE,TRUE,TRUE
850,850,58,female,3,YouTube,Travel,Australia,Rural,Software Engineer,12568,FALSE,TRUE,TRUE
851,851,29,female,8,Facebook,Travel,United States,Sub_Urban,Marketer Manager,19330,TRUE,FALSE,TRUE
852,852,43,male,8,Facebook,Sports,United States,Sub_Urban,Marketer Manager,10209,FALSE,TRUE,TRUE
853,853,63,male,8,Instagram,Travel,Australia,Urban,Student,19256,TRUE,FALSE,TRUE
854,854,51,female,9,YouTube,Travel,United Kingdom,Sub_Urban,Software Engineer,14911,TRUE,TRUE,TRUE
855,855,31,non-binary,4,Instagram,Sports,Australia,Rural,Marketer Manager,12220,FALSE,FALSE,TRUE
856,856,43,male,5,Instagram,Travel,Australia,Sub_Urban,Student,10233,FALSE,FALSE,FALSE
857,857,62,male,5,Facebook,Lifestlye,United Kingdom,Urban,Software Engineer,10792,FALSE,FALSE,TRUE
858,858,44,male,8,YouTube,Lifestlye,United Kingdom,Rural,Marketer Manager,13110,TRUE,TRUE,FALSE
859,859,26,female,7,YouTube,Sports,United States,Urban,Software Engineer,12166,TRUE,TRUE,FALSE
860,860,43,female,9,YouTube,Travel,United States,Sub_Urban,Student,18526,TRUE,TRUE,TRUE
861,861,64,female,8,Facebook,Lifestlye,Australia,Sub_Urban,Software Engineer,19551,TRUE,TRUE,TRUE
862,862,39,female,2,Facebook,Lifestlye,United Kingdom,Urban,Student,15193,FALSE,FALSE,FALSE
863,863,64,non-binary,4,Facebook,Travel,United States,Rural,Software Engineer,11214,TRUE,FALSE,TRUE
864,864,47,non-binary,6,Facebook,Travel,Australia,Sub_Urban,Marketer Manager,14419,TRUE,FALSE,TRUE
865,865,60,female,2,Facebook,Lifestlye,United Kingdom,Sub_Urban,Student,17314,FALSE,TRUE,FALSE
866,866,34,non-binary,7,YouTube,Lifestlye,Australia,Rural,Student,18475,TRUE,TRUE,FALSE
867,867,43,male,3,Instagram,Sports,United States,Sub_Urban,Student,10212,TRUE,TRUE,FALSE
868,868,53,male,3,YouTube,Sports,United States,Urban,Software Engineer,11658,FALSE,FALSE,TRUE
869,869,18,male,2,Instagram,Lifestlye,United Kingdom,Sub_Urban,Software Engineer,15024,TRUE,TRUE,TRUE
870,870,25,female,8,Facebook,Sports,Australia,Sub_Urban,Marketer Manager,19609,TRUE,TRUE,FALSE
871,871,52,male,6,Instagram,Lifestlye,United Kingdom,Rural,Student,15917,TRUE,FALSE,TRUE
872,872,32,non-binary,1,YouTube,Lifestlye,United States,Urban,Student,15141,TRUE,FALSE,FALSE
873,873,64,female,1,YouTube,Sports,United States,Rural,Software Engineer,11794,FALSE,TRUE,TRUE
874,874,39,non-binary,7,Instagram,Sports,Australia,Sub_Urban,Software Engineer,15988,TRUE,FALSE,FALSE
875,875,31,male,8,Facebook,Travel,Australia,Sub_Urban,Marketer Manager,18296,FALSE,TRUE,TRUE
876,876,43,male,5,Facebook,Travel,Australia,Rural,Marketer Manager,15578,TRUE,FALSE,FALSE
877,877,45,male,5,YouTube,Travel,United Kingdom,Rural,Software Engineer,15551,FALSE,FALSE,TRUE
878,878,40,female,4,Instagram,Lifestlye,Australia,Rural,Student,13845,FALSE,FALSE,TRUE
879,879,31,non-binary,6,Facebook,Sports,Australia,Urban,Marketer Manager,16906,FALSE,TRUE,FALSE
880,880,41,female,6,Facebook,Lifestlye,United States,Sub_Urban,Software Engineer,10378,TRUE,TRUE,TRUE
881,881,19,female,3,YouTube,Sports,United States,Rural,Software Engineer,13293,TRUE,TRUE,TRUE
882,882,62,male,9,Facebook,Lifestlye,Australia,Sub_Urban,Student,13329,TRUE,FALSE,FALSE
883,883,43,female,7,Instagram,Travel,Australia,Urban,Software Engineer,14808,FALSE,FALSE,TRUE
884,884,31,female,1,YouTube,Travel,United States,Urban,Software Engineer,17937,TRUE,FALSE,TRUE
885,885,24,male,7,YouTube,Travel,Australia,Urban,Marketer Manager,10224,TRUE,FALSE,TRUE
886,886,20,female,5,Instagram,Lifestlye,United Kingdom,Urban,Software Engineer,10737,TRUE,TRUE,FALSE
887,887,64,male,5,YouTube,Sports,United Kingdom,Sub_Urban,Software Engineer,10235,TRUE,TRUE,FALSE
888,888,40,male,2,Facebook,Sports,United Kingdom,Urban,Marketer Manager,10711,FALSE,TRUE,FALSE
889,889,63,male,4,Facebook,Travel,Australia,Urban,Student,15988,FALSE,FALSE,FALSE
890,890,60,male,6,Instagram,Travel,United States,Rural,Student,11888,TRUE,FALSE,FALSE
891,891,64,female,7,Facebook,Travel,Australia,Urban,Marketer Manager,17173,TRUE,TRUE,TRUE
892,892,62,male,5,Instagram,Travel,Australia,Rural,Marketer Manager,11259,TRUE,FALSE,TRUE
893,893,35,male,9,Instagram,Sports,United States,Urban,Student,15246,FALSE,TRUE,FALSE
894,894,55,female,3,Facebook,Lifestlye,United States,Urban,Student,17271,TRUE,FALSE,TRUE
895,895,52,female,1,Instagram,Lifestlye,United States,Rural,Student,10748,FALSE,FALSE,TRUE
896,896,32,non-binary,4,Facebook,Lifestlye,United Kingdom,Urban,Student,13551,FALSE,TRUE,TRUE
897,897,42,female,9,YouTube,Lifestlye,Australia,Sub_Urban,Student,16400,TRUE,TRUE,TRUE
898,898,54,female,4,YouTube,Travel,United States,Sub_Urban,Marketer Manager,16643,TRUE,FALSE,FALSE
899,899,45,non-binary,2,Instagram,Travel,Australia,Urban,Software Engineer,18701,TRUE,TRUE,FALSE
900,900,27,female,5,Facebook,Travel,United Kingdom,Sub_Urban,Student,11823,FALSE,TRUE,TRUE
901,901,56,female,3,Facebook,Lifestlye,United Kingdom,Rural,Student,16852,FALSE,FALSE,TRUE
902,902,34,female,9,YouTube,Travel,United States,Urban,Software Engineer,17777,TRUE,FALSE,FALSE
903,903,56,female,4,YouTube,Travel,United States,Urban,Software Engineer,14232,FALSE,FALSE,TRUE
904,904,39,non-binary,6,Facebook,Sports,Australia,Rural,Software Engineer,16519,TRUE,TRUE,TRUE
905,905,43,female,2,Instagram,Sports,United States,Rural,Software Engineer,11777,TRUE,FALSE,TRUE
906,906,61,female,6,YouTube,Travel,Australia,Rural,Software Engineer,11222,FALSE,FALSE,FALSE
907,907,42,non-binary,3,Instagram,Sports,United States,Urban,Software Engineer,17630,FALSE,FALSE,FALSE
908,908,34,male,9,Instagram,Sports,Australia,Rural,Marketer Manager,11777,FALSE,FALSE,TRUE
909,909,30,non-binary,2,YouTube,Travel,Australia,Rural,Software Engineer,19496,FALSE,FALSE,TRUE
910,910,37,male,9,Instagram,Travel,Australia,Sub_Urban,Software Engineer,17490,TRUE,TRUE,TRUE
911,911,42,non-binary,5,Instagram,Travel,Australia,Sub_Urban,Marketer Manager,14859,TRUE,FALSE,TRUE
912,912,21,non-binary,8,Facebook,Travel,United Kingdom,Urban,Software Engineer,18893,TRUE,FALSE,TRUE
913,913,27,female,2,Instagram,Lifestlye,Australia,Sub_Urban,Student,18118,FALSE,TRUE,TRUE
914,914,20,male,6,Facebook,Lifestlye,United States,Sub_Urban,Student,12989,TRUE,FALSE,FALSE
915,915,58,female,3,YouTube,Travel,United Kingdom,Rural,Software Engineer,18343,FALSE,FALSE,FALSE
916,916,62,male,5,YouTube,Sports,United Kingdom,Rural,Marketer Manager,11325,FALSE,TRUE,TRUE
917,917,35,non-binary,8,Facebook,Travel,Australia,Sub_Urban,Student,19493,FALSE,FALSE,FALSE
918,918,64,non-binary,1,YouTube,Travel,United Kingdom,Sub_Urban,Marketer Manager,19903,TRUE,TRUE,TRUE
919,919,53,male,5,Instagram,Sports,Australia,Sub_Urban,Student,15127,FALSE,FALSE,TRUE
920,920,64,female,3,Instagram,Lifestlye,United States,Urban,Software Engineer,18998,FALSE,TRUE,FALSE
921,921,39,female,4,Instagram,Travel,Australia,Urban,Marketer Manager,12722,FALSE,TRUE,FALSE
922,922,51,female,2,YouTube,Travel,United Kingdom,Urban,Marketer Manager,14656,FALSE,FALSE,TRUE
923,923,64,female,9,Instagram,Lifestlye,United States,Sub_Urban,Marketer Manager,11325,FALSE,TRUE,TRUE
924,924,25,non-binary,3,YouTube,Lifestlye,Australia,Sub_Urban,Student,14133,FALSE,TRUE,FALSE
925,925,57,non-binary,2,Instagram,Sports,United States,Urban,Student,19351,FALSE,FALSE,FALSE
926,926,61,non-binary,9,Facebook,Lifestlye,United States,Urban,Student,12869,FALSE,FALSE,TRUE
927,927,36,non-binary,7,YouTube,Lifestlye,United Kingdom,Sub_Urban,Software Engineer,11242,FALSE,TRUE,TRUE
928,928,59,non-binary,6,YouTube,Lifestlye,United States,Rural,Student,18539,FALSE,FALSE,TRUE
929,929,58,female,1,Instagram,Sports,United Kingdom,Urban,Software Engineer,11831,FALSE,TRUE,FALSE
930,930,54,female,5,YouTube,Lifestlye,United States,Sub_Urban,Marketer Manager,11569,FALSE,TRUE,TRUE
931,931,23,female,3,YouTube,Lifestlye,Australia,Sub_Urban,Marketer Manager,17246,TRUE,FALSE,FALSE
932,932,43,female,1,Facebook,Sports,United States,Rural,Software Engineer,11918,TRUE,FALSE,TRUE
933,933,51,non-binary,4,Facebook,Lifestlye,Australia,Sub_Urban,Student,16416,FALSE,TRUE,FALSE
934,934,62,non-binary,2,Instagram,Lifestlye,Australia,Sub_Urban,Software Engineer,13232,FALSE,FALSE,FALSE
935,935,23,non-binary,2,Facebook,Sports,United States,Urban,Marketer Manager,13758,FALSE,FALSE,FALSE
936,936,54,male,3,Instagram,Travel,Australia,Urban,Marketer Manager,15997,TRUE,TRUE,FALSE
937,937,50,female,8,Instagram,Sports,United States,Rural,Software Engineer,12355,TRUE,TRUE,TRUE
938,938,39,female,8,Instagram,Lifestlye,United States,Rural,Student,19589,TRUE,TRUE,FALSE
939,939,38,non-binary,7,YouTube,Lifestlye,Australia,Sub_Urban,Student,11824,FALSE,TRUE,FALSE
940,940,23,female,6,Facebook,Lifestlye,Australia,Urban,Software Engineer,17280,FALSE,TRUE,FALSE
941,941,23,female,9,Instagram,Sports,United Kingdom,Rural,Software Engineer,14060,FALSE,TRUE,TRUE
942,942,21,non-binary,4,Facebook,Lifestlye,Australia,Rural,Student,15324,FALSE,FALSE,TRUE
943,943,47,male,1,Instagram,Lifestlye,United Kingdom,Rural,Marketer Manager,10404,TRUE,TRUE,TRUE
944,944,28,male,8,Facebook,Sports,Australia,Sub_Urban,Software Engineer,11721,FALSE,FALSE,TRUE
945,945,47,male,7,Facebook,Travel,United States,Urban,Student,15316,TRUE,FALSE,TRUE
946,946,48,non-binary,7,Instagram,Travel,Australia,Rural,Student,13845,TRUE,TRUE,TRUE
947,947,41,female,3,YouTube,Lifestlye,United States,Urban,Marketer Manager,14210,FALSE,FALSE,FALSE
948,948,26,non-binary,4,Facebook,Sports,United States,Rural,Marketer Manager,10064,TRUE,TRUE,FALSE
949,949,20,non-binary,9,YouTube,Lifestlye,United States,Rural,Marketer Manager,19491,TRUE,FALSE,FALSE
950,950,48,female,6,YouTube,Sports,United Kingdom,Urban,Marketer Manager,16382,TRUE,TRUE,TRUE
951,951,57,male,5,Instagram,Sports,Australia,Urban,Marketer Manager,19607,TRUE,TRUE,FALSE
952,952,54,male,3,Instagram,Travel,United States,Urban,Software Engineer,10968,FALSE,TRUE,FALSE
953,953,53,non-binary,9,Instagram,Travel,United States,Sub_Urban,Student,10368,FALSE,TRUE,TRUE
954,954,41,male,5,Facebook,Sports,United Kingdom,Rural,Software Engineer,18424,TRUE,FALSE,FALSE
955,955,48,non-binary,5,Instagram,Lifestlye,Australia,Sub_Urban,Software Engineer,12242,FALSE,FALSE,TRUE
956,956,23,non-binary,4,Instagram,Travel,Australia,Urban,Software Engineer,15002,TRUE,FALSE,FALSE
957,957,19,female,4,Facebook,Lifestlye,United Kingdom,Rural,Software Engineer,13083,FALSE,FALSE,TRUE
958,958,37,female,1,Facebook,Travel,United Kingdom,Sub_Urban,Software Engineer,18073,FALSE,FALSE,TRUE
959,959,45,female,7,Instagram,Travel,Australia,Rural,Marketer Manager,19112,FALSE,TRUE,TRUE
960,960,28,non-binary,9,Instagram,Lifestlye,United Kingdom,Sub_Urban,Marketer Manager,18880,FALSE,TRUE,FALSE
961,961,21,female,3,Instagram,Travel,Australia,Urban,Student,11469,FALSE,TRUE,FALSE
962,962,32,male,2,Instagram,Travel,Australia,Sub_Urban,Software Engineer,14725,TRUE,TRUE,TRUE
963,963,23,male,3,YouTube,Lifestlye,United States,Rural,Student,14259,FALSE,TRUE,TRUE
964,964,47,non-binary,1,YouTube,Travel,United States,Rural,Marketer Manager,13622,TRUE,FALSE,FALSE
965,965,55,non-binary,6,Instagram,Travel,Australia,Rural,Marketer Manager,10823,TRUE,TRUE,FALSE
966,966,19,female,7,YouTube,Travel,Australia,Rural,Marketer Manager,13431,FALSE,TRUE,TRUE
967,967,32,non-binary,2,Facebook,Lifestlye,Australia,Urban,Software Engineer,16528,TRUE,FALSE,FALSE
968,968,28,non-binary,8,YouTube,Sports,Australia,Sub_Urban,Software Engineer,14151,FALSE,FALSE,FALSE
969,969,25,male,6,YouTube,Lifestlye,Australia,Urban,Marketer Manager,14213,TRUE,TRUE,FALSE
970,970,43,male,4,Instagram,Sports,Australia,Urban,Student,17420,TRUE,TRUE,TRUE
971,971,62,female,5,YouTube,Travel,United Kingdom,Urban,Student,18989,FALSE,FALSE,TRUE
972,972,61,non-binary,8,YouTube,Sports,Australia,Rural,Marketer Manager,10779,FALSE,TRUE,FALSE
973,973,22,non-binary,3,YouTube,Lifestlye,United Kingdom,Rural,Student,12892,FALSE,TRUE,TRUE
974,974,23,male,3,YouTube,Lifestlye,United Kingdom,Rural,Marketer Manager,15534,FALSE,TRUE,FALSE
975,975,43,non-binary,4,Facebook,Travel,Australia,Sub_Urban,Student,13306,TRUE,FALSE,FALSE
976,976,21,male,1,Instagram,Sports,Australia,Rural,Marketer Manager,12902,FALSE,TRUE,TRUE
977,977,36,female,9,Instagram,Travel,United Kingdom,Sub_Urban,Student,13718,TRUE,TRUE,TRUE
978,978,37,male,8,Facebook,Travel,United Kingdom,Rural,Software Engineer,10021,TRUE,FALSE,TRUE
979,979,50,non-binary,8,YouTube,Lifestlye,Australia,Rural,Marketer Manager,11500,TRUE,FALSE,FALSE
980,980,37,female,6,Facebook,Sports,Australia,Urban,Marketer Manager,19034,TRUE,FALSE,FALSE
981,981,29,male,7,YouTube,Sports,United Kingdom,Urban,Student,19952,TRUE,TRUE,TRUE
982,982,64,male,6,Facebook,Sports,United Kingdom,Urban,Marketer Manager,13641,TRUE,FALSE,TRUE
983,983,18,female,9,Instagram,Sports,United Kingdom,Sub_Urban,Marketer Manager,15212,FALSE,TRUE,TRUE
984,984,43,female,3,Instagram,Travel,United States,Sub_Urban,Marketer Manager,10191,TRUE,FALSE,FALSE
985,985,31,male,3,Instagram,Travel,United Kingdom,Rural,Software Engineer,18587,TRUE,TRUE,FALSE
986,986,55,non-binary,3,YouTube,Lifestlye,United States,Sub_Urban,Software Engineer,17174,TRUE,FALSE,FALSE
987,987,54,male,3,YouTube,Travel,Australia,Rural,Student,15114,FALSE,TRUE,TRUE
988,988,28,female,9,Facebook,Travel,Australia,Sub_Urban,Software Engineer,14662,FALSE,TRUE,TRUE
989,989,53,male,4,Facebook,Lifestlye,United Kingdom,Sub_Urban,Student,14326,TRUE,FALSE,FALSE
990,990,30,female,7,Instagram,Lifestlye,Australia,Sub_Urban,Software Engineer,19065,FALSE,FALSE,TRUE
991,991,60,female,9,YouTube,Lifestlye,Australia,Urban,Student,14335,TRUE,TRUE,TRUE
992,992,20,non-binary,7,Facebook,Travel,Australia,Sub_Urban,Software Engineer,18281,FALSE,FALSE,TRUE
993,993,50,female,9,YouTube,Travel,Australia,Urban,Software Engineer,18648,TRUE,TRUE,TRUE
994,994,23,female,3,YouTube,Lifestlye,United States,Urban,Student,19196,FALSE,FALSE,FALSE
995,995,27,non-binary,4,Instagram,Lifestlye,United States,Sub_Urban,Marketer Manager,15494,FALSE,FALSE,TRUE
996,996,22,female,8,Instagram,Lifestlye,United Kingdom,Rural,Marketer Manager,18536,FALSE,TRUE,FALSE
997,997,40,non-binary,6,YouTube,Travel,United Kingdom,Rural,Software Engineer,12711,TRUE,FALSE,FALSE
998,998,27,non-binary,5,YouTube,Travel,United Kingdom,Rural,Student,17595,TRUE,FALSE,TRUE
999,999,61,female,4,YouTube,Sports,Australia,Sub_Urban,Marketer Manager,16273,TRUE,TRUE,FALSE
1000,1000,19,female,8,YouTube,Travel,Australia,Rural,Student,16284,FALSE,TRUE,FALSE
